ca65 V2.19 - Git a028ac414
Main file   : dhgrc.c.17789.0.s
Current file: dhgrc.c.17789.0.s

000000r 1               ;
000000r 1               ; File generated by cc65 v 2.19 - Git a028ac414
000000r 1               ;
000000r 1               	.fopt		compiler,"cc65 v 2.19 - Git a028ac414"
000000r 1               	.setcpu		"65C02"
000000r 1               	.smart		on
000000r 1               	.autoimport	on
000000r 1               	.case		on
000000r 1               	.debuginfo	off
000000r 1               	.importzp	c_sp, sreg, regsave, regbank
000000r 1               	.importzp	tmp1, tmp2, tmp3, tmp4, ptr1, ptr2, ptr3, ptr4
000000r 1               	.macpack	longbranch
000000r 2               .macro  jeq     Target
000000r 2                       .if     .match(Target, 0)
000000r 2                       bne     *+5
000000r 2                       jmp     Target
000000r 2                       .elseif .def(Target) .and .const((*-2)-(Target)) .and ((*+2)-(Target) <= 127)
000000r 2                               beq     Target
000000r 2                       .else
000000r 2                               bne     *+5
000000r 2                               jmp     Target
000000r 2                       .endif
000000r 2               .endmacro
000000r 2               .macro  jne     Target
000000r 2                       .if     .match(Target, 0)
000000r 2                               beq     *+5
000000r 2                               jmp     Target
000000r 2                       .elseif .def(Target) .and .const((*-2)-(Target)) .and ((*+2)-(Target) <= 127)
000000r 2                               bne     Target
000000r 2                       .else
000000r 2                               beq     *+5
000000r 2                               jmp     Target
000000r 2                       .endif
000000r 2               .endmacro
000000r 2               .macro  jmi     Target
000000r 2                       .if     .match(Target, 0)
000000r 2                               bpl     *+5
000000r 2                               jmp     Target
000000r 2                       .elseif .def(Target) .and .const((*-2)-(Target)) .and ((*+2)-(Target) <= 127)
000000r 2                               bmi     Target
000000r 2                       .else
000000r 2                               bpl     *+5
000000r 2                               jmp     Target
000000r 2                       .endif
000000r 2               .endmacro
000000r 2               .macro  jpl     Target
000000r 2                       .if     .match(Target, 0)
000000r 2                               bmi     *+5
000000r 2                               jmp     Target
000000r 2                       .elseif .def(Target) .and .const((*-2)-(Target)) .and ((*+2)-(Target) <= 127)
000000r 2                               bpl     Target
000000r 2                       .else
000000r 2                               bmi     *+5
000000r 2                               jmp     Target
000000r 2                       .endif
000000r 2               .endmacro
000000r 2               .macro  jcs     Target
000000r 2                       .if     .match(Target, 0)
000000r 2                               bcc     *+5
000000r 2                               jmp     Target
000000r 2                       .elseif .def(Target) .and .const((*-2)-(Target)) .and ((*+2)-(Target) <= 127)
000000r 2                               bcs     Target
000000r 2                       .else
000000r 2                               bcc     *+5
000000r 2                               jmp     Target
000000r 2                       .endif
000000r 2               .endmacro
000000r 2               .macro  jcc     Target
000000r 2                       .if     .match(Target, 0)
000000r 2                               bcs     *+5
000000r 2                               jmp     Target
000000r 2                       .elseif .def(Target) .and .const((*-2)-(Target)) .and ((*+2)-(Target) <= 127)
000000r 2                               bcc     Target
000000r 2                       .else
000000r 2                               bcs     *+5
000000r 2                               jmp     Target
000000r 2                       .endif
000000r 2               .endmacro
000000r 2               .macro  jvs     Target
000000r 2                       .if     .match(Target, 0)
000000r 2                               bvc     *+5
000000r 2                               jmp     Target
000000r 2                       .elseif .def(Target) .and .const((*-2)-(Target)) .and ((*+2)-(Target) <= 127)
000000r 2                               bvs     Target
000000r 2                       .else
000000r 2                               bvc     *+5
000000r 2                               jmp     Target
000000r 2                       .endif
000000r 2               .endmacro
000000r 2               .macro  jvc     Target
000000r 2                       .if     .match(Target, 0)
000000r 2                               bvs     *+5
000000r 2                               jmp     Target
000000r 2                       .elseif .def(Target) .and .const((*-2)-(Target)) .and ((*+2)-(Target) <= 127)
000000r 2                               bvc     Target
000000r 2                       .else
000000r 2                               bvs     *+5
000000r 2                               jmp     Target
000000r 2                       .endif
000000r 2               .endmacro
000000r 2               
000000r 1               	.forceimport	__STARTUP__
000000r 1               	.import		_clrscr
000000r 1               	.import		_cputsxy
000000r 1               	.import		_cgetc
000000r 1               	.import		_open
000000r 1               	.import		_close
000000r 1               	.import		_rand
000000r 1               	.import		_abs
000000r 1               	.import		_read
000000r 1               	.export		_HGR_OFFSET
000000r 1               	.export		_fb
000000r 1               	.export		_DHGR_FILL_BYTES
000000r 1               	.export		_DHGR_OFFSET_X
000000r 1               	.export		_DHGR_COLOR_NAMES
000000r 1               	.export		_dhgr_init
000000r 1               	.export		_dhgr_exit
000000r 1               	.export		_main2aux
000000r 1               	.export		_aux2main
000000r 1               	.export		_memset2
000000r 1               	.export		_cls
000000r 1               	.export		_plot7
000000r 1               	.export		_plot
000000r 1               	.export		_scrn
000000r 1               	.export		_hline
000000r 1               	.export		_vline
000000r 1               	.export		_rect
000000r 1               	.export		_fillrect
000000r 1               	.export		_line
000000r 1               	.export		_ellipse
000000r 1               	.export		_floodfill
000000r 1               	.export		_cls_test
000000r 1               	.export		_plot_test
000000r 1               	.export		_hline_test
000000r 1               	.export		_vline_test
000000r 1               	.export		_rect_test
000000r 1               	.export		_fillrect_test
000000r 1               	.export		_load_image_file
000000r 1               	.export		_image_test
000000r 1               	.export		_eng5x12_bin
000000r 1               	.export		_eng5x12_bin_len
000000r 1               	.export		_kor10x12_bin
000000r 1               	.export		_kor10x12_bin_len
000000r 1               	.export		_div28
000000r 1               	.export		_mod28
000000r 1               	.export		_div21
000000r 1               	.export		_mod21
000000r 1               	.export		_decomposeHangul
000000r 1               	.export		_composeHangul
000000r 1               	.export		_CHOSEONG_NAMES
000000r 1               	.export		_JUNGSEONG_NAMES
000000r 1               	.export		_JONGSEONG_NAMES
000000r 1               	.export		_cho_kind_by_jung
000000r 1               	.export		_putbyte
000000r 1               	.export		_putbyte_xor
000000r 1               	.export		_putasc
000000r 1               	.export		_puthan
000000r 1               	.export		_draw_bitmap
000000r 1               	.export		_puthan_bitmap
000000r 1               	.export		_putucs2
000000r 1               	.export		_putucs2str
000000r 1               	.export		_pututf8str
000000r 1               	.export		_ucs2_sample
000000r 1               	.export		_utf8_sample
000000r 1               	.export		_text_test
000000r 1               	.export		_main
000000r 1               
000000r 1               .segment	"DATA"
000000r 1               
000000r 1               _fb:
000000r 1  00 20        	.word	$2000
000002r 1               _DHGR_COLOR_NAMES:
000002r 1  rr rr        	.addr	S0001
000004r 1  rr rr        	.addr	S0002
000006r 1  rr rr        	.addr	S0003
000008r 1  rr rr        	.addr	S0004
00000Ar 1  rr rr        	.addr	S0005
00000Cr 1  rr rr        	.addr	S0006
00000Er 1  rr rr        	.addr	S0007
000010r 1  rr rr        	.addr	S0008
000012r 1  rr rr        	.addr	S0009
000014r 1  rr rr        	.addr	S000A
000016r 1  rr rr        	.addr	S000B
000018r 1  rr rr        	.addr	S000C
00001Ar 1  rr rr        	.addr	S000D
00001Cr 1  rr rr        	.addr	S000E
00001Er 1  rr rr        	.addr	S000F
000020r 1  rr rr        	.addr	S0010
000022r 1               _eng5x12_bin:
000022r 1  00           	.byte	$00
000023r 1  00           	.byte	$00
000024r 1  00           	.byte	$00
000025r 1  00           	.byte	$00
000026r 1  00           	.byte	$00
000027r 1  00           	.byte	$00
000028r 1  00           	.byte	$00
000029r 1  00           	.byte	$00
00002Ar 1  00           	.byte	$00
00002Br 1  08           	.byte	$08
00002Cr 1  42           	.byte	$42
00002Dr 1  10           	.byte	$10
00002Er 1  80           	.byte	$80
00002Fr 1  20           	.byte	$20
000030r 1  00           	.byte	$00
000031r 1  00           	.byte	$00
000032r 1  00           	.byte	$00
000033r 1  14           	.byte	$14
000034r 1  A5           	.byte	$A5
000035r 1  00           	.byte	$00
000036r 1  00           	.byte	$00
000037r 1  00           	.byte	$00
000038r 1  00           	.byte	$00
000039r 1  00           	.byte	$00
00003Ar 1  00           	.byte	$00
00003Br 1  14           	.byte	$14
00003Cr 1  AF           	.byte	$AF
00003Dr 1  AB           	.byte	$AB
00003Er 1  EA           	.byte	$EA
00003Fr 1  50           	.byte	$50
000040r 1  00           	.byte	$00
000041r 1  00           	.byte	$00
000042r 1  00           	.byte	$00
000043r 1  08           	.byte	$08
000044r 1  FA           	.byte	$FA
000045r 1  38           	.byte	$38
000046r 1  BE           	.byte	$BE
000047r 1  20           	.byte	$20
000048r 1  00           	.byte	$00
000049r 1  00           	.byte	$00
00004Ar 1  00           	.byte	$00
00004Br 1  01           	.byte	$01
00004Cr 1  11           	.byte	$11
00004Dr 1  11           	.byte	$11
00004Er 1  11           	.byte	$11
00004Fr 1  00           	.byte	$00
000050r 1  00           	.byte	$00
000051r 1  00           	.byte	$00
000052r 1  00           	.byte	$00
000053r 1  11           	.byte	$11
000054r 1  4A           	.byte	$4A
000055r 1  22           	.byte	$22
000056r 1  B2           	.byte	$B2
000057r 1  68           	.byte	$68
000058r 1  00           	.byte	$00
000059r 1  00           	.byte	$00
00005Ar 1  00           	.byte	$00
00005Br 1  08           	.byte	$08
00005Cr 1  42           	.byte	$42
00005Dr 1  00           	.byte	$00
00005Er 1  00           	.byte	$00
00005Fr 1  00           	.byte	$00
000060r 1  00           	.byte	$00
000061r 1  00           	.byte	$00
000062r 1  00           	.byte	$00
000063r 1  04           	.byte	$04
000064r 1  44           	.byte	$44
000065r 1  21           	.byte	$21
000066r 1  04           	.byte	$04
000067r 1  10           	.byte	$10
000068r 1  00           	.byte	$00
000069r 1  00           	.byte	$00
00006Ar 1  00           	.byte	$00
00006Br 1  10           	.byte	$10
00006Cr 1  41           	.byte	$41
00006Dr 1  08           	.byte	$08
00006Er 1  44           	.byte	$44
00006Fr 1  40           	.byte	$40
000070r 1  00           	.byte	$00
000071r 1  00           	.byte	$00
000072r 1  00           	.byte	$00
000073r 1  09           	.byte	$09
000074r 1  57           	.byte	$57
000075r 1  11           	.byte	$11
000076r 1  D5           	.byte	$D5
000077r 1  20           	.byte	$20
000078r 1  00           	.byte	$00
000079r 1  00           	.byte	$00
00007Ar 1  00           	.byte	$00
00007Br 1  00           	.byte	$00
00007Cr 1  42           	.byte	$42
00007Dr 1  38           	.byte	$38
00007Er 1  84           	.byte	$84
00007Fr 1  00           	.byte	$00
000080r 1  00           	.byte	$00
000081r 1  00           	.byte	$00
000082r 1  00           	.byte	$00
000083r 1  00           	.byte	$00
000084r 1  00           	.byte	$00
000085r 1  00           	.byte	$00
000086r 1  04           	.byte	$04
000087r 1  22           	.byte	$22
000088r 1  00           	.byte	$00
000089r 1  00           	.byte	$00
00008Ar 1  00           	.byte	$00
00008Br 1  00           	.byte	$00
00008Cr 1  00           	.byte	$00
00008Dr 1  38           	.byte	$38
00008Er 1  00           	.byte	$00
00008Fr 1  00           	.byte	$00
000090r 1  00           	.byte	$00
000091r 1  00           	.byte	$00
000092r 1  00           	.byte	$00
000093r 1  00           	.byte	$00
000094r 1  00           	.byte	$00
000095r 1  00           	.byte	$00
000096r 1  00           	.byte	$00
000097r 1  20           	.byte	$20
000098r 1  00           	.byte	$00
000099r 1  00           	.byte	$00
00009Ar 1  00           	.byte	$00
00009Br 1  00           	.byte	$00
00009Cr 1  11           	.byte	$11
00009Dr 1  11           	.byte	$11
00009Er 1  10           	.byte	$10
00009Fr 1  00           	.byte	$00
0000A0r 1  00           	.byte	$00
0000A1r 1  00           	.byte	$00
0000A2r 1  00           	.byte	$00
0000A3r 1  19           	.byte	$19
0000A4r 1  2D           	.byte	$2D
0000A5r 1  5A           	.byte	$5A
0000A6r 1  52           	.byte	$52
0000A7r 1  60           	.byte	$60
0000A8r 1  00           	.byte	$00
0000A9r 1  00           	.byte	$00
0000AAr 1  00           	.byte	$00
0000ABr 1  08           	.byte	$08
0000ACr 1  C2           	.byte	$C2
0000ADr 1  10           	.byte	$10
0000AEr 1  84           	.byte	$84
0000AFr 1  70           	.byte	$70
0000B0r 1  00           	.byte	$00
0000B1r 1  00           	.byte	$00
0000B2r 1  00           	.byte	$00
0000B3r 1  19           	.byte	$19
0000B4r 1  21           	.byte	$21
0000B5r 1  11           	.byte	$11
0000B6r 1  10           	.byte	$10
0000B7r 1  F0           	.byte	$F0
0000B8r 1  00           	.byte	$00
0000B9r 1  00           	.byte	$00
0000BAr 1  00           	.byte	$00
0000BBr 1  19           	.byte	$19
0000BCr 1  21           	.byte	$21
0000BDr 1  30           	.byte	$30
0000BEr 1  52           	.byte	$52
0000BFr 1  60           	.byte	$60
0000C0r 1  00           	.byte	$00
0000C1r 1  00           	.byte	$00
0000C2r 1  00           	.byte	$00
0000C3r 1  04           	.byte	$04
0000C4r 1  65           	.byte	$65
0000C5r 1  4B           	.byte	$4B
0000C6r 1  E2           	.byte	$E2
0000C7r 1  10           	.byte	$10
0000C8r 1  00           	.byte	$00
0000C9r 1  00           	.byte	$00
0000CAr 1  00           	.byte	$00
0000CBr 1  3D           	.byte	$3D
0000CCr 1  0E           	.byte	$0E
0000CDr 1  08           	.byte	$08
0000CEr 1  52           	.byte	$52
0000CFr 1  60           	.byte	$60
0000D0r 1  00           	.byte	$00
0000D1r 1  00           	.byte	$00
0000D2r 1  00           	.byte	$00
0000D3r 1  0C           	.byte	$0C
0000D4r 1  88           	.byte	$88
0000D5r 1  72           	.byte	$72
0000D6r 1  52           	.byte	$52
0000D7r 1  60           	.byte	$60
0000D8r 1  00           	.byte	$00
0000D9r 1  00           	.byte	$00
0000DAr 1  00           	.byte	$00
0000DBr 1  3C           	.byte	$3C
0000DCr 1  22           	.byte	$22
0000DDr 1  21           	.byte	$21
0000DEr 1  08           	.byte	$08
0000DFr 1  40           	.byte	$40
0000E0r 1  00           	.byte	$00
0000E1r 1  00           	.byte	$00
0000E2r 1  00           	.byte	$00
0000E3r 1  19           	.byte	$19
0000E4r 1  29           	.byte	$29
0000E5r 1  32           	.byte	$32
0000E6r 1  52           	.byte	$52
0000E7r 1  60           	.byte	$60
0000E8r 1  00           	.byte	$00
0000E9r 1  00           	.byte	$00
0000EAr 1  00           	.byte	$00
0000EBr 1  19           	.byte	$19
0000ECr 1  29           	.byte	$29
0000EDr 1  38           	.byte	$38
0000EEr 1  44           	.byte	$44
0000EFr 1  C0           	.byte	$C0
0000F0r 1  00           	.byte	$00
0000F1r 1  00           	.byte	$00
0000F2r 1  00           	.byte	$00
0000F3r 1  00           	.byte	$00
0000F4r 1  02           	.byte	$02
0000F5r 1  00           	.byte	$00
0000F6r 1  80           	.byte	$80
0000F7r 1  00           	.byte	$00
0000F8r 1  00           	.byte	$00
0000F9r 1  00           	.byte	$00
0000FAr 1  00           	.byte	$00
0000FBr 1  00           	.byte	$00
0000FCr 1  02           	.byte	$02
0000FDr 1  00           	.byte	$00
0000FEr 1  84           	.byte	$84
0000FFr 1  40           	.byte	$40
000100r 1  00           	.byte	$00
000101r 1  00           	.byte	$00
000102r 1  00           	.byte	$00
000103r 1  04           	.byte	$04
000104r 1  44           	.byte	$44
000105r 1  41           	.byte	$41
000106r 1  04           	.byte	$04
000107r 1  10           	.byte	$10
000108r 1  00           	.byte	$00
000109r 1  00           	.byte	$00
00010Ar 1  00           	.byte	$00
00010Br 1  00           	.byte	$00
00010Cr 1  0F           	.byte	$0F
00010Dr 1  03           	.byte	$03
00010Er 1  C0           	.byte	$C0
00010Fr 1  00           	.byte	$00
000110r 1  00           	.byte	$00
000111r 1  00           	.byte	$00
000112r 1  00           	.byte	$00
000113r 1  20           	.byte	$20
000114r 1  82           	.byte	$82
000115r 1  08           	.byte	$08
000116r 1  88           	.byte	$88
000117r 1  80           	.byte	$80
000118r 1  00           	.byte	$00
000119r 1  00           	.byte	$00
00011Ar 1  00           	.byte	$00
00011Br 1  19           	.byte	$19
00011Cr 1  21           	.byte	$21
00011Dr 1  11           	.byte	$11
00011Er 1  00           	.byte	$00
00011Fr 1  40           	.byte	$40
000120r 1  00           	.byte	$00
000121r 1  00           	.byte	$00
000122r 1  00           	.byte	$00
000123r 1  19           	.byte	$19
000124r 1  2B           	.byte	$2B
000125r 1  5A           	.byte	$5A
000126r 1  D0           	.byte	$D0
000127r 1  70           	.byte	$70
000128r 1  00           	.byte	$00
000129r 1  00           	.byte	$00
00012Ar 1  00           	.byte	$00
00012Br 1  19           	.byte	$19
00012Cr 1  29           	.byte	$29
00012Dr 1  7A           	.byte	$7A
00012Er 1  52           	.byte	$52
00012Fr 1  90           	.byte	$90
000130r 1  00           	.byte	$00
000131r 1  00           	.byte	$00
000132r 1  00           	.byte	$00
000133r 1  39           	.byte	$39
000134r 1  29           	.byte	$29
000135r 1  72           	.byte	$72
000136r 1  52           	.byte	$52
000137r 1  E0           	.byte	$E0
000138r 1  00           	.byte	$00
000139r 1  00           	.byte	$00
00013Ar 1  00           	.byte	$00
00013Br 1  19           	.byte	$19
00013Cr 1  28           	.byte	$28
00013Dr 1  42           	.byte	$42
00013Er 1  12           	.byte	$12
00013Fr 1  60           	.byte	$60
000140r 1  00           	.byte	$00
000141r 1  00           	.byte	$00
000142r 1  00           	.byte	$00
000143r 1  31           	.byte	$31
000144r 1  49           	.byte	$49
000145r 1  4A           	.byte	$4A
000146r 1  54           	.byte	$54
000147r 1  C0           	.byte	$C0
000148r 1  00           	.byte	$00
000149r 1  00           	.byte	$00
00014Ar 1  00           	.byte	$00
00014Br 1  3D           	.byte	$3D
00014Cr 1  08           	.byte	$08
00014Dr 1  72           	.byte	$72
00014Er 1  10           	.byte	$10
00014Fr 1  F0           	.byte	$F0
000150r 1  00           	.byte	$00
000151r 1  00           	.byte	$00
000152r 1  00           	.byte	$00
000153r 1  3D           	.byte	$3D
000154r 1  08           	.byte	$08
000155r 1  72           	.byte	$72
000156r 1  10           	.byte	$10
000157r 1  80           	.byte	$80
000158r 1  00           	.byte	$00
000159r 1  00           	.byte	$00
00015Ar 1  00           	.byte	$00
00015Br 1  19           	.byte	$19
00015Cr 1  28           	.byte	$28
00015Dr 1  5A           	.byte	$5A
00015Er 1  52           	.byte	$52
00015Fr 1  70           	.byte	$70
000160r 1  00           	.byte	$00
000161r 1  00           	.byte	$00
000162r 1  00           	.byte	$00
000163r 1  25           	.byte	$25
000164r 1  29           	.byte	$29
000165r 1  7A           	.byte	$7A
000166r 1  52           	.byte	$52
000167r 1  90           	.byte	$90
000168r 1  00           	.byte	$00
000169r 1  00           	.byte	$00
00016Ar 1  00           	.byte	$00
00016Br 1  1C           	.byte	$1C
00016Cr 1  42           	.byte	$42
00016Dr 1  10           	.byte	$10
00016Er 1  84           	.byte	$84
00016Fr 1  70           	.byte	$70
000170r 1  00           	.byte	$00
000171r 1  00           	.byte	$00
000172r 1  00           	.byte	$00
000173r 1  0C           	.byte	$0C
000174r 1  21           	.byte	$21
000175r 1  08           	.byte	$08
000176r 1  52           	.byte	$52
000177r 1  60           	.byte	$60
000178r 1  00           	.byte	$00
000179r 1  00           	.byte	$00
00017Ar 1  00           	.byte	$00
00017Br 1  25           	.byte	$25
00017Cr 1  2A           	.byte	$2A
00017Dr 1  62           	.byte	$62
00017Er 1  92           	.byte	$92
00017Fr 1  90           	.byte	$90
000180r 1  00           	.byte	$00
000181r 1  00           	.byte	$00
000182r 1  00           	.byte	$00
000183r 1  21           	.byte	$21
000184r 1  08           	.byte	$08
000185r 1  42           	.byte	$42
000186r 1  10           	.byte	$10
000187r 1  F0           	.byte	$F0
000188r 1  00           	.byte	$00
000189r 1  00           	.byte	$00
00018Ar 1  00           	.byte	$00
00018Br 1  23           	.byte	$23
00018Cr 1  BA           	.byte	$BA
00018Dr 1  C6           	.byte	$C6
00018Er 1  31           	.byte	$31
00018Fr 1  88           	.byte	$88
000190r 1  00           	.byte	$00
000191r 1  00           	.byte	$00
000192r 1  00           	.byte	$00
000193r 1  25           	.byte	$25
000194r 1  2D           	.byte	$2D
000195r 1  5A           	.byte	$5A
000196r 1  52           	.byte	$52
000197r 1  90           	.byte	$90
000198r 1  00           	.byte	$00
000199r 1  00           	.byte	$00
00019Ar 1  00           	.byte	$00
00019Br 1  19           	.byte	$19
00019Cr 1  29           	.byte	$29
00019Dr 1  4A           	.byte	$4A
00019Er 1  52           	.byte	$52
00019Fr 1  60           	.byte	$60
0001A0r 1  00           	.byte	$00
0001A1r 1  00           	.byte	$00
0001A2r 1  00           	.byte	$00
0001A3r 1  39           	.byte	$39
0001A4r 1  29           	.byte	$29
0001A5r 1  72           	.byte	$72
0001A6r 1  10           	.byte	$10
0001A7r 1  80           	.byte	$80
0001A8r 1  00           	.byte	$00
0001A9r 1  00           	.byte	$00
0001AAr 1  00           	.byte	$00
0001ABr 1  19           	.byte	$19
0001ACr 1  29           	.byte	$29
0001ADr 1  4B           	.byte	$4B
0001AEr 1  54           	.byte	$54
0001AFr 1  50           	.byte	$50
0001B0r 1  00           	.byte	$00
0001B1r 1  00           	.byte	$00
0001B2r 1  00           	.byte	$00
0001B3r 1  39           	.byte	$39
0001B4r 1  29           	.byte	$29
0001B5r 1  73           	.byte	$73
0001B6r 1  14           	.byte	$14
0001B7r 1  90           	.byte	$90
0001B8r 1  00           	.byte	$00
0001B9r 1  00           	.byte	$00
0001BAr 1  00           	.byte	$00
0001BBr 1  19           	.byte	$19
0001BCr 1  28           	.byte	$28
0001BDr 1  30           	.byte	$30
0001BEr 1  52           	.byte	$52
0001BFr 1  60           	.byte	$60
0001C0r 1  00           	.byte	$00
0001C1r 1  00           	.byte	$00
0001C2r 1  00           	.byte	$00
0001C3r 1  3E           	.byte	$3E
0001C4r 1  42           	.byte	$42
0001C5r 1  10           	.byte	$10
0001C6r 1  84           	.byte	$84
0001C7r 1  20           	.byte	$20
0001C8r 1  00           	.byte	$00
0001C9r 1  00           	.byte	$00
0001CAr 1  00           	.byte	$00
0001CBr 1  25           	.byte	$25
0001CCr 1  29           	.byte	$29
0001CDr 1  4A           	.byte	$4A
0001CEr 1  52           	.byte	$52
0001CFr 1  60           	.byte	$60
0001D0r 1  00           	.byte	$00
0001D1r 1  00           	.byte	$00
0001D2r 1  00           	.byte	$00
0001D3r 1  25           	.byte	$25
0001D4r 1  29           	.byte	$29
0001D5r 1  4A           	.byte	$4A
0001D6r 1  4C           	.byte	$4C
0001D7r 1  40           	.byte	$40
0001D8r 1  00           	.byte	$00
0001D9r 1  00           	.byte	$00
0001DAr 1  00           	.byte	$00
0001DBr 1  23           	.byte	$23
0001DCr 1  18           	.byte	$18
0001DDr 1  D6           	.byte	$D6
0001DEr 1  AA           	.byte	$AA
0001DFr 1  50           	.byte	$50
0001E0r 1  00           	.byte	$00
0001E1r 1  00           	.byte	$00
0001E2r 1  00           	.byte	$00
0001E3r 1  23           	.byte	$23
0001E4r 1  15           	.byte	$15
0001E5r 1  11           	.byte	$11
0001E6r 1  51           	.byte	$51
0001E7r 1  88           	.byte	$88
0001E8r 1  00           	.byte	$00
0001E9r 1  00           	.byte	$00
0001EAr 1  00           	.byte	$00
0001EBr 1  23           	.byte	$23
0001ECr 1  15           	.byte	$15
0001EDr 1  10           	.byte	$10
0001EEr 1  84           	.byte	$84
0001EFr 1  20           	.byte	$20
0001F0r 1  00           	.byte	$00
0001F1r 1  00           	.byte	$00
0001F2r 1  00           	.byte	$00
0001F3r 1  3C           	.byte	$3C
0001F4r 1  22           	.byte	$22
0001F5r 1  22           	.byte	$22
0001F6r 1  10           	.byte	$10
0001F7r 1  F0           	.byte	$F0
0001F8r 1  00           	.byte	$00
0001F9r 1  00           	.byte	$00
0001FAr 1  00           	.byte	$00
0001FBr 1  3D           	.byte	$3D
0001FCr 1  8C           	.byte	$8C
0001FDr 1  63           	.byte	$63
0001FEr 1  18           	.byte	$18
0001FFr 1  F0           	.byte	$F0
000200r 1  00           	.byte	$00
000201r 1  00           	.byte	$00
000202r 1  00           	.byte	$00
000203r 1  01           	.byte	$01
000204r 1  04           	.byte	$04
000205r 1  10           	.byte	$10
000206r 1  41           	.byte	$41
000207r 1  00           	.byte	$00
000208r 1  00           	.byte	$00
000209r 1  00           	.byte	$00
00020Ar 1  00           	.byte	$00
00020Br 1  3C           	.byte	$3C
00020Cr 1  63           	.byte	$63
00020Dr 1  18           	.byte	$18
00020Er 1  C6           	.byte	$C6
00020Fr 1  F0           	.byte	$F0
000210r 1  00           	.byte	$00
000211r 1  00           	.byte	$00
000212r 1  00           	.byte	$00
000213r 1  08           	.byte	$08
000214r 1  A0           	.byte	$A0
000215r 1  00           	.byte	$00
000216r 1  00           	.byte	$00
000217r 1  00           	.byte	$00
000218r 1  00           	.byte	$00
000219r 1  00           	.byte	$00
00021Ar 1  00           	.byte	$00
00021Br 1  00           	.byte	$00
00021Cr 1  00           	.byte	$00
00021Dr 1  00           	.byte	$00
00021Er 1  00           	.byte	$00
00021Fr 1  07           	.byte	$07
000220r 1  C0           	.byte	$C0
000221r 1  00           	.byte	$00
000222r 1  00           	.byte	$00
000223r 1  08           	.byte	$08
000224r 1  41           	.byte	$41
000225r 1  00           	.byte	$00
000226r 1  00           	.byte	$00
000227r 1  00           	.byte	$00
000228r 1  00           	.byte	$00
000229r 1  00           	.byte	$00
00022Ar 1  00           	.byte	$00
00022Br 1  00           	.byte	$00
00022Cr 1  06           	.byte	$06
00022Dr 1  09           	.byte	$09
00022Er 1  D2           	.byte	$D2
00022Fr 1  70           	.byte	$70
000230r 1  00           	.byte	$00
000231r 1  00           	.byte	$00
000232r 1  00           	.byte	$00
000233r 1  21           	.byte	$21
000234r 1  0E           	.byte	$0E
000235r 1  4A           	.byte	$4A
000236r 1  52           	.byte	$52
000237r 1  E0           	.byte	$E0
000238r 1  00           	.byte	$00
000239r 1  00           	.byte	$00
00023Ar 1  00           	.byte	$00
00023Br 1  00           	.byte	$00
00023Cr 1  07           	.byte	$07
00023Dr 1  42           	.byte	$42
00023Er 1  10           	.byte	$10
00023Fr 1  70           	.byte	$70
000240r 1  00           	.byte	$00
000241r 1  00           	.byte	$00
000242r 1  00           	.byte	$00
000243r 1  04           	.byte	$04
000244r 1  27           	.byte	$27
000245r 1  4A           	.byte	$4A
000246r 1  52           	.byte	$52
000247r 1  70           	.byte	$70
000248r 1  00           	.byte	$00
000249r 1  00           	.byte	$00
00024Ar 1  00           	.byte	$00
00024Br 1  00           	.byte	$00
00024Cr 1  06           	.byte	$06
00024Dr 1  4B           	.byte	$4B
00024Er 1  D0           	.byte	$D0
00024Fr 1  70           	.byte	$70
000250r 1  00           	.byte	$00
000251r 1  00           	.byte	$00
000252r 1  00           	.byte	$00
000253r 1  08           	.byte	$08
000254r 1  A4           	.byte	$A4
000255r 1  71           	.byte	$71
000256r 1  08           	.byte	$08
000257r 1  40           	.byte	$40
000258r 1  00           	.byte	$00
000259r 1  00           	.byte	$00
00025Ar 1  00           	.byte	$00
00025Br 1  00           	.byte	$00
00025Cr 1  07           	.byte	$07
00025Dr 1  4A           	.byte	$4A
00025Er 1  52           	.byte	$52
00025Fr 1  70           	.byte	$70
000260r 1  84           	.byte	$84
000261r 1  C0           	.byte	$C0
000262r 1  00           	.byte	$00
000263r 1  21           	.byte	$21
000264r 1  0E           	.byte	$0E
000265r 1  4A           	.byte	$4A
000266r 1  52           	.byte	$52
000267r 1  90           	.byte	$90
000268r 1  00           	.byte	$00
000269r 1  00           	.byte	$00
00026Ar 1  00           	.byte	$00
00026Br 1  08           	.byte	$08
00026Cr 1  06           	.byte	$06
00026Dr 1  10           	.byte	$10
00026Er 1  84           	.byte	$84
00026Fr 1  70           	.byte	$70
000270r 1  00           	.byte	$00
000271r 1  00           	.byte	$00
000272r 1  00           	.byte	$00
000273r 1  08           	.byte	$08
000274r 1  06           	.byte	$06
000275r 1  10           	.byte	$10
000276r 1  84           	.byte	$84
000277r 1  21           	.byte	$21
000278r 1  28           	.byte	$28
000279r 1  80           	.byte	$80
00027Ar 1  00           	.byte	$00
00027Br 1  21           	.byte	$21
00027Cr 1  09           	.byte	$09
00027Dr 1  53           	.byte	$53
00027Er 1  14           	.byte	$14
00027Fr 1  90           	.byte	$90
000280r 1  00           	.byte	$00
000281r 1  00           	.byte	$00
000282r 1  00           	.byte	$00
000283r 1  18           	.byte	$18
000284r 1  42           	.byte	$42
000285r 1  10           	.byte	$10
000286r 1  84           	.byte	$84
000287r 1  70           	.byte	$70
000288r 1  00           	.byte	$00
000289r 1  00           	.byte	$00
00028Ar 1  00           	.byte	$00
00028Br 1  00           	.byte	$00
00028Cr 1  0D           	.byte	$0D
00028Dr 1  56           	.byte	$56
00028Er 1  B5           	.byte	$B5
00028Fr 1  A8           	.byte	$A8
000290r 1  00           	.byte	$00
000291r 1  00           	.byte	$00
000292r 1  00           	.byte	$00
000293r 1  00           	.byte	$00
000294r 1  0E           	.byte	$0E
000295r 1  4A           	.byte	$4A
000296r 1  52           	.byte	$52
000297r 1  90           	.byte	$90
000298r 1  00           	.byte	$00
000299r 1  00           	.byte	$00
00029Ar 1  00           	.byte	$00
00029Br 1  00           	.byte	$00
00029Cr 1  06           	.byte	$06
00029Dr 1  4A           	.byte	$4A
00029Er 1  52           	.byte	$52
00029Fr 1  60           	.byte	$60
0002A0r 1  00           	.byte	$00
0002A1r 1  00           	.byte	$00
0002A2r 1  00           	.byte	$00
0002A3r 1  00           	.byte	$00
0002A4r 1  0E           	.byte	$0E
0002A5r 1  4A           	.byte	$4A
0002A6r 1  52           	.byte	$52
0002A7r 1  E4           	.byte	$E4
0002A8r 1  21           	.byte	$21
0002A9r 1  00           	.byte	$00
0002AAr 1  00           	.byte	$00
0002ABr 1  00           	.byte	$00
0002ACr 1  07           	.byte	$07
0002ADr 1  4A           	.byte	$4A
0002AEr 1  52           	.byte	$52
0002AFr 1  70           	.byte	$70
0002B0r 1  84           	.byte	$84
0002B1r 1  20           	.byte	$20
0002B2r 1  00           	.byte	$00
0002B3r 1  00           	.byte	$00
0002B4r 1  0B           	.byte	$0B
0002B5r 1  62           	.byte	$62
0002B6r 1  10           	.byte	$10
0002B7r 1  80           	.byte	$80
0002B8r 1  00           	.byte	$00
0002B9r 1  00           	.byte	$00
0002BAr 1  00           	.byte	$00
0002BBr 1  00           	.byte	$00
0002BCr 1  07           	.byte	$07
0002BDr 1  41           	.byte	$41
0002BEr 1  82           	.byte	$82
0002BFr 1  E0           	.byte	$E0
0002C0r 1  00           	.byte	$00
0002C1r 1  00           	.byte	$00
0002C2r 1  00           	.byte	$00
0002C3r 1  10           	.byte	$10
0002C4r 1  8E           	.byte	$8E
0002C5r 1  21           	.byte	$21
0002C6r 1  0A           	.byte	$0A
0002C7r 1  20           	.byte	$20
0002C8r 1  00           	.byte	$00
0002C9r 1  00           	.byte	$00
0002CAr 1  00           	.byte	$00
0002CBr 1  00           	.byte	$00
0002CCr 1  09           	.byte	$09
0002CDr 1  4A           	.byte	$4A
0002CEr 1  52           	.byte	$52
0002CFr 1  60           	.byte	$60
0002D0r 1  00           	.byte	$00
0002D1r 1  00           	.byte	$00
0002D2r 1  00           	.byte	$00
0002D3r 1  00           	.byte	$00
0002D4r 1  09           	.byte	$09
0002D5r 1  4A           	.byte	$4A
0002D6r 1  4C           	.byte	$4C
0002D7r 1  40           	.byte	$40
0002D8r 1  00           	.byte	$00
0002D9r 1  00           	.byte	$00
0002DAr 1  00           	.byte	$00
0002DBr 1  00           	.byte	$00
0002DCr 1  08           	.byte	$08
0002DDr 1  D6           	.byte	$D6
0002DEr 1  AA           	.byte	$AA
0002DFr 1  50           	.byte	$50
0002E0r 1  00           	.byte	$00
0002E1r 1  00           	.byte	$00
0002E2r 1  00           	.byte	$00
0002E3r 1  00           	.byte	$00
0002E4r 1  08           	.byte	$08
0002E5r 1  A8           	.byte	$A8
0002E6r 1  8A           	.byte	$8A
0002E7r 1  88           	.byte	$88
0002E8r 1  00           	.byte	$00
0002E9r 1  00           	.byte	$00
0002EAr 1  00           	.byte	$00
0002EBr 1  00           	.byte	$00
0002ECr 1  09           	.byte	$09
0002EDr 1  4A           	.byte	$4A
0002EEr 1  52           	.byte	$52
0002EFr 1  70           	.byte	$70
0002F0r 1  84           	.byte	$84
0002F1r 1  C0           	.byte	$C0
0002F2r 1  00           	.byte	$00
0002F3r 1  00           	.byte	$00
0002F4r 1  0F           	.byte	$0F
0002F5r 1  09           	.byte	$09
0002F6r 1  90           	.byte	$90
0002F7r 1  F0           	.byte	$F0
0002F8r 1  00           	.byte	$00
0002F9r 1  00           	.byte	$00
0002FAr 1  00           	.byte	$00
0002FBr 1  0C           	.byte	$0C
0002FCr 1  C6           	.byte	$C6
0002FDr 1  61           	.byte	$61
0002FEr 1  8C           	.byte	$8C
0002FFr 1  30           	.byte	$30
000300r 1  00           	.byte	$00
000301r 1  00           	.byte	$00
000302r 1  00           	.byte	$00
000303r 1  08           	.byte	$08
000304r 1  42           	.byte	$42
000305r 1  00           	.byte	$00
000306r 1  84           	.byte	$84
000307r 1  20           	.byte	$20
000308r 1  00           	.byte	$00
000309r 1  00           	.byte	$00
00030Ar 1  00           	.byte	$00
00030Br 1  30           	.byte	$30
00030Cr 1  C6           	.byte	$C6
00030Dr 1  19           	.byte	$19
00030Er 1  8C           	.byte	$8C
00030Fr 1  C0           	.byte	$C0
000310r 1  00           	.byte	$00
000311r 1  00           	.byte	$00
000312r 1  00           	.byte	$00
000313r 1  15           	.byte	$15
000314r 1  40           	.byte	$40
000315r 1  00           	.byte	$00
000316r 1  00           	.byte	$00
000317r 1  00           	.byte	$00
000318r 1  00           	.byte	$00
000319r 1  00           	.byte	$00
00031Ar 1  FD           	.byte	$FD
00031Br 1  77           	.byte	$77
00031Cr 1  5D           	.byte	$5D
00031Dr 1  D7           	.byte	$D7
00031Er 1  75           	.byte	$75
00031Fr 1  DD           	.byte	$DD
000320r 1  77           	.byte	$77
000321r 1  F0           	.byte	$F0
000322r 1               _eng5x12_bin_len:
000322r 1  00 03        	.word	$0300
000324r 1               _kor10x12_bin:
000324r 1  F8           	.byte	$F8
000325r 1  02           	.byte	$02
000326r 1  00           	.byte	$00
000327r 1  80           	.byte	$80
000328r 1  20           	.byte	$20
000329r 1  08           	.byte	$08
00032Ar 1  00           	.byte	$00
00032Br 1  00           	.byte	$00
00032Cr 1  00           	.byte	$00
00032Dr 1  00           	.byte	$00
00032Er 1  00           	.byte	$00
00032Fr 1  00           	.byte	$00
000330r 1  00           	.byte	$00
000331r 1  00           	.byte	$00
000332r 1  00           	.byte	$00
000333r 1  F8           	.byte	$F8
000334r 1  0A           	.byte	$0A
000335r 1  02           	.byte	$02
000336r 1  80           	.byte	$80
000337r 1  A0           	.byte	$A0
000338r 1  28           	.byte	$28
000339r 1  00           	.byte	$00
00033Ar 1  00           	.byte	$00
00033Br 1  00           	.byte	$00
00033Cr 1  00           	.byte	$00
00033Dr 1  00           	.byte	$00
00033Er 1  00           	.byte	$00
00033Fr 1  00           	.byte	$00
000340r 1  00           	.byte	$00
000341r 1  00           	.byte	$00
000342r 1  80           	.byte	$80
000343r 1  20           	.byte	$20
000344r 1  08           	.byte	$08
000345r 1  02           	.byte	$02
000346r 1  00           	.byte	$00
000347r 1  F8           	.byte	$F8
000348r 1  00           	.byte	$00
000349r 1  00           	.byte	$00
00034Ar 1  00           	.byte	$00
00034Br 1  00           	.byte	$00
00034Cr 1  00           	.byte	$00
00034Dr 1  00           	.byte	$00
00034Er 1  00           	.byte	$00
00034Fr 1  00           	.byte	$00
000350r 1  00           	.byte	$00
000351r 1  F8           	.byte	$F8
000352r 1  20           	.byte	$20
000353r 1  08           	.byte	$08
000354r 1  02           	.byte	$02
000355r 1  00           	.byte	$00
000356r 1  F8           	.byte	$F8
000357r 1  00           	.byte	$00
000358r 1  00           	.byte	$00
000359r 1  00           	.byte	$00
00035Ar 1  00           	.byte	$00
00035Br 1  00           	.byte	$00
00035Cr 1  00           	.byte	$00
00035Dr 1  00           	.byte	$00
00035Er 1  00           	.byte	$00
00035Fr 1  00           	.byte	$00
000360r 1  F8           	.byte	$F8
000361r 1  28           	.byte	$28
000362r 1  0A           	.byte	$0A
000363r 1  02           	.byte	$02
000364r 1  80           	.byte	$80
000365r 1  F8           	.byte	$F8
000366r 1  00           	.byte	$00
000367r 1  00           	.byte	$00
000368r 1  00           	.byte	$00
000369r 1  00           	.byte	$00
00036Ar 1  00           	.byte	$00
00036Br 1  00           	.byte	$00
00036Cr 1  00           	.byte	$00
00036Dr 1  00           	.byte	$00
00036Er 1  00           	.byte	$00
00036Fr 1  F8           	.byte	$F8
000370r 1  02           	.byte	$02
000371r 1  0F           	.byte	$0F
000372r 1  82           	.byte	$82
000373r 1  00           	.byte	$00
000374r 1  F8           	.byte	$F8
000375r 1  00           	.byte	$00
000376r 1  00           	.byte	$00
000377r 1  00           	.byte	$00
000378r 1  00           	.byte	$00
000379r 1  00           	.byte	$00
00037Ar 1  00           	.byte	$00
00037Br 1  00           	.byte	$00
00037Cr 1  00           	.byte	$00
00037Dr 1  00           	.byte	$00
00037Er 1  F8           	.byte	$F8
00037Fr 1  22           	.byte	$22
000380r 1  08           	.byte	$08
000381r 1  82           	.byte	$82
000382r 1  20           	.byte	$20
000383r 1  F8           	.byte	$F8
000384r 1  00           	.byte	$00
000385r 1  00           	.byte	$00
000386r 1  00           	.byte	$00
000387r 1  00           	.byte	$00
000388r 1  00           	.byte	$00
000389r 1  00           	.byte	$00
00038Ar 1  00           	.byte	$00
00038Br 1  00           	.byte	$00
00038Cr 1  00           	.byte	$00
00038Dr 1  88           	.byte	$88
00038Er 1  22           	.byte	$22
00038Fr 1  0F           	.byte	$0F
000390r 1  82           	.byte	$82
000391r 1  20           	.byte	$20
000392r 1  F8           	.byte	$F8
000393r 1  00           	.byte	$00
000394r 1  00           	.byte	$00
000395r 1  00           	.byte	$00
000396r 1  00           	.byte	$00
000397r 1  00           	.byte	$00
000398r 1  00           	.byte	$00
000399r 1  00           	.byte	$00
00039Ar 1  00           	.byte	$00
00039Br 1  00           	.byte	$00
00039Cr 1  A8           	.byte	$A8
00039Dr 1  2A           	.byte	$2A
00039Er 1  0F           	.byte	$0F
00039Fr 1  82           	.byte	$82
0003A0r 1  A0           	.byte	$A0
0003A1r 1  F8           	.byte	$F8
0003A2r 1  00           	.byte	$00
0003A3r 1  00           	.byte	$00
0003A4r 1  00           	.byte	$00
0003A5r 1  00           	.byte	$00
0003A6r 1  00           	.byte	$00
0003A7r 1  00           	.byte	$00
0003A8r 1  00           	.byte	$00
0003A9r 1  00           	.byte	$00
0003AAr 1  00           	.byte	$00
0003ABr 1  20           	.byte	$20
0003ACr 1  08           	.byte	$08
0003ADr 1  02           	.byte	$02
0003AEr 1  01           	.byte	$01
0003AFr 1  40           	.byte	$40
0003B0r 1  88           	.byte	$88
0003B1r 1  00           	.byte	$00
0003B2r 1  00           	.byte	$00
0003B3r 1  00           	.byte	$00
0003B4r 1  00           	.byte	$00
0003B5r 1  00           	.byte	$00
0003B6r 1  00           	.byte	$00
0003B7r 1  00           	.byte	$00
0003B8r 1  00           	.byte	$00
0003B9r 1  00           	.byte	$00
0003BAr 1  50           	.byte	$50
0003BBr 1  14           	.byte	$14
0003BCr 1  05           	.byte	$05
0003BDr 1  02           	.byte	$02
0003BEr 1  A0           	.byte	$A0
0003BFr 1  A8           	.byte	$A8
0003C0r 1  00           	.byte	$00
0003C1r 1  00           	.byte	$00
0003C2r 1  00           	.byte	$00
0003C3r 1  00           	.byte	$00
0003C4r 1  00           	.byte	$00
0003C5r 1  00           	.byte	$00
0003C6r 1  00           	.byte	$00
0003C7r 1  00           	.byte	$00
0003C8r 1  00           	.byte	$00
0003C9r 1  70           	.byte	$70
0003CAr 1  22           	.byte	$22
0003CBr 1  08           	.byte	$08
0003CCr 1  82           	.byte	$82
0003CDr 1  20           	.byte	$20
0003CEr 1  70           	.byte	$70
0003CFr 1  00           	.byte	$00
0003D0r 1  00           	.byte	$00
0003D1r 1  00           	.byte	$00
0003D2r 1  00           	.byte	$00
0003D3r 1  00           	.byte	$00
0003D4r 1  00           	.byte	$00
0003D5r 1  00           	.byte	$00
0003D6r 1  00           	.byte	$00
0003D7r 1  00           	.byte	$00
0003D8r 1  F8           	.byte	$F8
0003D9r 1  08           	.byte	$08
0003DAr 1  02           	.byte	$02
0003DBr 1  01           	.byte	$01
0003DCr 1  40           	.byte	$40
0003DDr 1  88           	.byte	$88
0003DEr 1  00           	.byte	$00
0003DFr 1  00           	.byte	$00
0003E0r 1  00           	.byte	$00
0003E1r 1  00           	.byte	$00
0003E2r 1  00           	.byte	$00
0003E3r 1  00           	.byte	$00
0003E4r 1  00           	.byte	$00
0003E5r 1  00           	.byte	$00
0003E6r 1  00           	.byte	$00
0003E7r 1  F8           	.byte	$F8
0003E8r 1  14           	.byte	$14
0003E9r 1  05           	.byte	$05
0003EAr 1  02           	.byte	$02
0003EBr 1  A0           	.byte	$A0
0003ECr 1  A8           	.byte	$A8
0003EDr 1  00           	.byte	$00
0003EEr 1  00           	.byte	$00
0003EFr 1  00           	.byte	$00
0003F0r 1  00           	.byte	$00
0003F1r 1  00           	.byte	$00
0003F2r 1  00           	.byte	$00
0003F3r 1  00           	.byte	$00
0003F4r 1  00           	.byte	$00
0003F5r 1  00           	.byte	$00
0003F6r 1  20           	.byte	$20
0003F7r 1  3E           	.byte	$3E
0003F8r 1  02           	.byte	$02
0003F9r 1  01           	.byte	$01
0003FAr 1  40           	.byte	$40
0003FBr 1  88           	.byte	$88
0003FCr 1  00           	.byte	$00
0003FDr 1  00           	.byte	$00
0003FEr 1  00           	.byte	$00
0003FFr 1  00           	.byte	$00
000400r 1  00           	.byte	$00
000401r 1  00           	.byte	$00
000402r 1  00           	.byte	$00
000403r 1  00           	.byte	$00
000404r 1  00           	.byte	$00
000405r 1  F8           	.byte	$F8
000406r 1  02           	.byte	$02
000407r 1  0F           	.byte	$0F
000408r 1  80           	.byte	$80
000409r 1  20           	.byte	$20
00040Ar 1  08           	.byte	$08
00040Br 1  00           	.byte	$00
00040Cr 1  00           	.byte	$00
00040Dr 1  00           	.byte	$00
00040Er 1  00           	.byte	$00
00040Fr 1  00           	.byte	$00
000410r 1  00           	.byte	$00
000411r 1  00           	.byte	$00
000412r 1  00           	.byte	$00
000413r 1  00           	.byte	$00
000414r 1  F8           	.byte	$F8
000415r 1  20           	.byte	$20
000416r 1  0F           	.byte	$0F
000417r 1  82           	.byte	$82
000418r 1  00           	.byte	$00
000419r 1  F8           	.byte	$F8
00041Ar 1  00           	.byte	$00
00041Br 1  00           	.byte	$00
00041Cr 1  00           	.byte	$00
00041Dr 1  00           	.byte	$00
00041Er 1  00           	.byte	$00
00041Fr 1  00           	.byte	$00
000420r 1  00           	.byte	$00
000421r 1  00           	.byte	$00
000422r 1  00           	.byte	$00
000423r 1  F8           	.byte	$F8
000424r 1  14           	.byte	$14
000425r 1  05           	.byte	$05
000426r 1  01           	.byte	$01
000427r 1  40           	.byte	$40
000428r 1  F8           	.byte	$F8
000429r 1  00           	.byte	$00
00042Ar 1  00           	.byte	$00
00042Br 1  00           	.byte	$00
00042Cr 1  00           	.byte	$00
00042Dr 1  00           	.byte	$00
00042Er 1  00           	.byte	$00
00042Fr 1  00           	.byte	$00
000430r 1  00           	.byte	$00
000431r 1  00           	.byte	$00
000432r 1  20           	.byte	$20
000433r 1  3E           	.byte	$3E
000434r 1  05           	.byte	$05
000435r 1  01           	.byte	$01
000436r 1  40           	.byte	$40
000437r 1  20           	.byte	$20
000438r 1  00           	.byte	$00
000439r 1  00           	.byte	$00
00043Ar 1  00           	.byte	$00
00043Br 1  00           	.byte	$00
00043Cr 1  00           	.byte	$00
00043Dr 1  00           	.byte	$00
00043Er 1  00           	.byte	$00
00043Fr 1  00           	.byte	$00
000440r 1  00           	.byte	$00
000441r 1  3E           	.byte	$3E
000442r 1  00           	.byte	$00
000443r 1  80           	.byte	$80
000444r 1  20           	.byte	$20
000445r 1  08           	.byte	$08
000446r 1  00           	.byte	$00
000447r 1  00           	.byte	$00
000448r 1  00           	.byte	$00
000449r 1  00           	.byte	$00
00044Ar 1  00           	.byte	$00
00044Br 1  00           	.byte	$00
00044Cr 1  00           	.byte	$00
00044Dr 1  00           	.byte	$00
00044Er 1  00           	.byte	$00
00044Fr 1  00           	.byte	$00
000450r 1  77           	.byte	$77
000451r 1  04           	.byte	$04
000452r 1  41           	.byte	$41
000453r 1  10           	.byte	$10
000454r 1  44           	.byte	$44
000455r 1  00           	.byte	$00
000456r 1  00           	.byte	$00
000457r 1  00           	.byte	$00
000458r 1  00           	.byte	$00
000459r 1  00           	.byte	$00
00045Ar 1  00           	.byte	$00
00045Br 1  00           	.byte	$00
00045Cr 1  00           	.byte	$00
00045Dr 1  00           	.byte	$00
00045Er 1  00           	.byte	$00
00045Fr 1  20           	.byte	$20
000460r 1  08           	.byte	$08
000461r 1  02           	.byte	$02
000462r 1  00           	.byte	$00
000463r 1  F8           	.byte	$F8
000464r 1  00           	.byte	$00
000465r 1  00           	.byte	$00
000466r 1  00           	.byte	$00
000467r 1  00           	.byte	$00
000468r 1  00           	.byte	$00
000469r 1  00           	.byte	$00
00046Ar 1  00           	.byte	$00
00046Br 1  00           	.byte	$00
00046Cr 1  00           	.byte	$00
00046Dr 1  00           	.byte	$00
00046Er 1  3E           	.byte	$3E
00046Fr 1  08           	.byte	$08
000470r 1  02           	.byte	$02
000471r 1  00           	.byte	$00
000472r 1  F8           	.byte	$F8
000473r 1  00           	.byte	$00
000474r 1  00           	.byte	$00
000475r 1  00           	.byte	$00
000476r 1  00           	.byte	$00
000477r 1  00           	.byte	$00
000478r 1  00           	.byte	$00
000479r 1  00           	.byte	$00
00047Ar 1  00           	.byte	$00
00047Br 1  00           	.byte	$00
00047Cr 1  00           	.byte	$00
00047Dr 1  77           	.byte	$77
00047Er 1  11           	.byte	$11
00047Fr 1  04           	.byte	$04
000480r 1  41           	.byte	$41
000481r 1  DC           	.byte	$DC
000482r 1  00           	.byte	$00
000483r 1  00           	.byte	$00
000484r 1  00           	.byte	$00
000485r 1  00           	.byte	$00
000486r 1  00           	.byte	$00
000487r 1  00           	.byte	$00
000488r 1  00           	.byte	$00
000489r 1  00           	.byte	$00
00048Ar 1  00           	.byte	$00
00048Br 1  00           	.byte	$00
00048Cr 1  3E           	.byte	$3E
00048Dr 1  01           	.byte	$01
00048Er 1  83           	.byte	$83
00048Fr 1  80           	.byte	$80
000490r 1  F8           	.byte	$F8
000491r 1  00           	.byte	$00
000492r 1  00           	.byte	$00
000493r 1  00           	.byte	$00
000494r 1  00           	.byte	$00
000495r 1  00           	.byte	$00
000496r 1  00           	.byte	$00
000497r 1  00           	.byte	$00
000498r 1  00           	.byte	$00
000499r 1  00           	.byte	$00
00049Ar 1  00           	.byte	$00
00049Br 1  3E           	.byte	$3E
00049Cr 1  08           	.byte	$08
00049Dr 1  82           	.byte	$82
00049Er 1  20           	.byte	$20
00049Fr 1  F8           	.byte	$F8
0004A0r 1  00           	.byte	$00
0004A1r 1  00           	.byte	$00
0004A2r 1  00           	.byte	$00
0004A3r 1  00           	.byte	$00
0004A4r 1  00           	.byte	$00
0004A5r 1  00           	.byte	$00
0004A6r 1  00           	.byte	$00
0004A7r 1  00           	.byte	$00
0004A8r 1  00           	.byte	$00
0004A9r 1  00           	.byte	$00
0004AAr 1  22           	.byte	$22
0004ABr 1  0F           	.byte	$0F
0004ACr 1  82           	.byte	$82
0004ADr 1  20           	.byte	$20
0004AEr 1  F8           	.byte	$F8
0004AFr 1  00           	.byte	$00
0004B0r 1  00           	.byte	$00
0004B1r 1  00           	.byte	$00
0004B2r 1  00           	.byte	$00
0004B3r 1  00           	.byte	$00
0004B4r 1  00           	.byte	$00
0004B5r 1  00           	.byte	$00
0004B6r 1  00           	.byte	$00
0004B7r 1  00           	.byte	$00
0004B8r 1  00           	.byte	$00
0004B9r 1  55           	.byte	$55
0004BAr 1  1D           	.byte	$1D
0004BBr 1  C5           	.byte	$C5
0004BCr 1  51           	.byte	$51
0004BDr 1  DC           	.byte	$DC
0004BEr 1  00           	.byte	$00
0004BFr 1  00           	.byte	$00
0004C0r 1  00           	.byte	$00
0004C1r 1  00           	.byte	$00
0004C2r 1  00           	.byte	$00
0004C3r 1  00           	.byte	$00
0004C4r 1  00           	.byte	$00
0004C5r 1  00           	.byte	$00
0004C6r 1  00           	.byte	$00
0004C7r 1  00           	.byte	$00
0004C8r 1  08           	.byte	$08
0004C9r 1  02           	.byte	$02
0004CAr 1  01           	.byte	$01
0004CBr 1  40           	.byte	$40
0004CCr 1  88           	.byte	$88
0004CDr 1  00           	.byte	$00
0004CEr 1  00           	.byte	$00
0004CFr 1  00           	.byte	$00
0004D0r 1  00           	.byte	$00
0004D1r 1  00           	.byte	$00
0004D2r 1  00           	.byte	$00
0004D3r 1  00           	.byte	$00
0004D4r 1  00           	.byte	$00
0004D5r 1  00           	.byte	$00
0004D6r 1  00           	.byte	$00
0004D7r 1  22           	.byte	$22
0004D8r 1  08           	.byte	$08
0004D9r 1  85           	.byte	$85
0004DAr 1  51           	.byte	$51
0004DBr 1  54           	.byte	$54
0004DCr 1  00           	.byte	$00
0004DDr 1  00           	.byte	$00
0004DEr 1  00           	.byte	$00
0004DFr 1  00           	.byte	$00
0004E0r 1  00           	.byte	$00
0004E1r 1  00           	.byte	$00
0004E2r 1  00           	.byte	$00
0004E3r 1  00           	.byte	$00
0004E4r 1  00           	.byte	$00
0004E5r 1  00           	.byte	$00
0004E6r 1  1C           	.byte	$1C
0004E7r 1  08           	.byte	$08
0004E8r 1  82           	.byte	$82
0004E9r 1  20           	.byte	$20
0004EAr 1  70           	.byte	$70
0004EBr 1  00           	.byte	$00
0004ECr 1  00           	.byte	$00
0004EDr 1  00           	.byte	$00
0004EEr 1  00           	.byte	$00
0004EFr 1  00           	.byte	$00
0004F0r 1  00           	.byte	$00
0004F1r 1  00           	.byte	$00
0004F2r 1  00           	.byte	$00
0004F3r 1  00           	.byte	$00
0004F4r 1  00           	.byte	$00
0004F5r 1  3E           	.byte	$3E
0004F6r 1  02           	.byte	$02
0004F7r 1  01           	.byte	$01
0004F8r 1  40           	.byte	$40
0004F9r 1  88           	.byte	$88
0004FAr 1  00           	.byte	$00
0004FBr 1  00           	.byte	$00
0004FCr 1  00           	.byte	$00
0004FDr 1  00           	.byte	$00
0004FEr 1  00           	.byte	$00
0004FFr 1  00           	.byte	$00
000500r 1  00           	.byte	$00
000501r 1  00           	.byte	$00
000502r 1  00           	.byte	$00
000503r 1  00           	.byte	$00
000504r 1  77           	.byte	$77
000505r 1  08           	.byte	$08
000506r 1  85           	.byte	$85
000507r 1  51           	.byte	$51
000508r 1  54           	.byte	$54
000509r 1  00           	.byte	$00
00050Ar 1  00           	.byte	$00
00050Br 1  00           	.byte	$00
00050Cr 1  00           	.byte	$00
00050Dr 1  00           	.byte	$00
00050Er 1  00           	.byte	$00
00050Fr 1  00           	.byte	$00
000510r 1  00           	.byte	$00
000511r 1  00           	.byte	$00
000512r 1  00           	.byte	$00
000513r 1  08           	.byte	$08
000514r 1  0F           	.byte	$0F
000515r 1  81           	.byte	$81
000516r 1  40           	.byte	$40
000517r 1  88           	.byte	$88
000518r 1  00           	.byte	$00
000519r 1  00           	.byte	$00
00051Ar 1  00           	.byte	$00
00051Br 1  00           	.byte	$00
00051Cr 1  00           	.byte	$00
00051Dr 1  00           	.byte	$00
00051Er 1  00           	.byte	$00
00051Fr 1  00           	.byte	$00
000520r 1  00           	.byte	$00
000521r 1  00           	.byte	$00
000522r 1  3E           	.byte	$3E
000523r 1  00           	.byte	$00
000524r 1  83           	.byte	$83
000525r 1  E0           	.byte	$E0
000526r 1  08           	.byte	$08
000527r 1  00           	.byte	$00
000528r 1  00           	.byte	$00
000529r 1  00           	.byte	$00
00052Ar 1  00           	.byte	$00
00052Br 1  00           	.byte	$00
00052Cr 1  00           	.byte	$00
00052Dr 1  00           	.byte	$00
00052Er 1  00           	.byte	$00
00052Fr 1  00           	.byte	$00
000530r 1  00           	.byte	$00
000531r 1  3F           	.byte	$3F
000532r 1  0F           	.byte	$0F
000533r 1  C2           	.byte	$C2
000534r 1  00           	.byte	$00
000535r 1  FC           	.byte	$FC
000536r 1  00           	.byte	$00
000537r 1  00           	.byte	$00
000538r 1  00           	.byte	$00
000539r 1  00           	.byte	$00
00053Ar 1  00           	.byte	$00
00053Br 1  00           	.byte	$00
00053Cr 1  00           	.byte	$00
00053Dr 1  00           	.byte	$00
00053Er 1  00           	.byte	$00
00053Fr 1  00           	.byte	$00
000540r 1  3E           	.byte	$3E
000541r 1  05           	.byte	$05
000542r 1  01           	.byte	$01
000543r 1  40           	.byte	$40
000544r 1  F8           	.byte	$F8
000545r 1  00           	.byte	$00
000546r 1  00           	.byte	$00
000547r 1  00           	.byte	$00
000548r 1  00           	.byte	$00
000549r 1  00           	.byte	$00
00054Ar 1  00           	.byte	$00
00054Br 1  00           	.byte	$00
00054Cr 1  00           	.byte	$00
00054Dr 1  00           	.byte	$00
00054Er 1  00           	.byte	$00
00054Fr 1  08           	.byte	$08
000550r 1  0F           	.byte	$0F
000551r 1  81           	.byte	$81
000552r 1  40           	.byte	$40
000553r 1  20           	.byte	$20
000554r 1  00           	.byte	$00
000555r 1  00           	.byte	$00
000556r 1  00           	.byte	$00
000557r 1  00           	.byte	$00
000558r 1  00           	.byte	$00
000559r 1  00           	.byte	$00
00055Ar 1  00           	.byte	$00
00055Br 1  00           	.byte	$00
00055Cr 1  00           	.byte	$00
00055Dr 1  00           	.byte	$00
00055Er 1  F8           	.byte	$F8
00055Fr 1  02           	.byte	$02
000560r 1  00           	.byte	$00
000561r 1  80           	.byte	$80
000562r 1  20           	.byte	$20
000563r 1  00           	.byte	$00
000564r 1  00           	.byte	$00
000565r 1  00           	.byte	$00
000566r 1  00           	.byte	$00
000567r 1  00           	.byte	$00
000568r 1  00           	.byte	$00
000569r 1  00           	.byte	$00
00056Ar 1  00           	.byte	$00
00056Br 1  00           	.byte	$00
00056Cr 1  00           	.byte	$00
00056Dr 1  F8           	.byte	$F8
00056Er 1  0A           	.byte	$0A
00056Fr 1  02           	.byte	$02
000570r 1  80           	.byte	$80
000571r 1  A0           	.byte	$A0
000572r 1  00           	.byte	$00
000573r 1  00           	.byte	$00
000574r 1  00           	.byte	$00
000575r 1  00           	.byte	$00
000576r 1  00           	.byte	$00
000577r 1  00           	.byte	$00
000578r 1  00           	.byte	$00
000579r 1  00           	.byte	$00
00057Ar 1  00           	.byte	$00
00057Br 1  00           	.byte	$00
00057Cr 1  80           	.byte	$80
00057Dr 1  20           	.byte	$20
00057Er 1  08           	.byte	$08
00057Fr 1  03           	.byte	$03
000580r 1  E0           	.byte	$E0
000581r 1  00           	.byte	$00
000582r 1  00           	.byte	$00
000583r 1  00           	.byte	$00
000584r 1  00           	.byte	$00
000585r 1  00           	.byte	$00
000586r 1  00           	.byte	$00
000587r 1  00           	.byte	$00
000588r 1  00           	.byte	$00
000589r 1  00           	.byte	$00
00058Ar 1  00           	.byte	$00
00058Br 1  F8           	.byte	$F8
00058Cr 1  20           	.byte	$20
00058Dr 1  08           	.byte	$08
00058Er 1  03           	.byte	$03
00058Fr 1  E0           	.byte	$E0
000590r 1  00           	.byte	$00
000591r 1  00           	.byte	$00
000592r 1  00           	.byte	$00
000593r 1  00           	.byte	$00
000594r 1  00           	.byte	$00
000595r 1  00           	.byte	$00
000596r 1  00           	.byte	$00
000597r 1  00           	.byte	$00
000598r 1  00           	.byte	$00
000599r 1  00           	.byte	$00
00059Ar 1  F8           	.byte	$F8
00059Br 1  28           	.byte	$28
00059Cr 1  0A           	.byte	$0A
00059Dr 1  03           	.byte	$03
00059Er 1  E0           	.byte	$E0
00059Fr 1  00           	.byte	$00
0005A0r 1  00           	.byte	$00
0005A1r 1  00           	.byte	$00
0005A2r 1  00           	.byte	$00
0005A3r 1  00           	.byte	$00
0005A4r 1  00           	.byte	$00
0005A5r 1  00           	.byte	$00
0005A6r 1  00           	.byte	$00
0005A7r 1  00           	.byte	$00
0005A8r 1  00           	.byte	$00
0005A9r 1  F8           	.byte	$F8
0005AAr 1  06           	.byte	$06
0005ABr 1  0E           	.byte	$0E
0005ACr 1  03           	.byte	$03
0005ADr 1  E0           	.byte	$E0
0005AEr 1  00           	.byte	$00
0005AFr 1  00           	.byte	$00
0005B0r 1  00           	.byte	$00
0005B1r 1  00           	.byte	$00
0005B2r 1  00           	.byte	$00
0005B3r 1  00           	.byte	$00
0005B4r 1  00           	.byte	$00
0005B5r 1  00           	.byte	$00
0005B6r 1  00           	.byte	$00
0005B7r 1  00           	.byte	$00
0005B8r 1  F8           	.byte	$F8
0005B9r 1  22           	.byte	$22
0005BAr 1  08           	.byte	$08
0005BBr 1  83           	.byte	$83
0005BCr 1  E0           	.byte	$E0
0005BDr 1  00           	.byte	$00
0005BEr 1  00           	.byte	$00
0005BFr 1  00           	.byte	$00
0005C0r 1  00           	.byte	$00
0005C1r 1  00           	.byte	$00
0005C2r 1  00           	.byte	$00
0005C3r 1  00           	.byte	$00
0005C4r 1  00           	.byte	$00
0005C5r 1  00           	.byte	$00
0005C6r 1  00           	.byte	$00
0005C7r 1  88           	.byte	$88
0005C8r 1  3E           	.byte	$3E
0005C9r 1  08           	.byte	$08
0005CAr 1  83           	.byte	$83
0005CBr 1  E0           	.byte	$E0
0005CCr 1  00           	.byte	$00
0005CDr 1  00           	.byte	$00
0005CEr 1  00           	.byte	$00
0005CFr 1  00           	.byte	$00
0005D0r 1  00           	.byte	$00
0005D1r 1  00           	.byte	$00
0005D2r 1  00           	.byte	$00
0005D3r 1  00           	.byte	$00
0005D4r 1  00           	.byte	$00
0005D5r 1  00           	.byte	$00
0005D6r 1  A8           	.byte	$A8
0005D7r 1  3E           	.byte	$3E
0005D8r 1  0A           	.byte	$0A
0005D9r 1  83           	.byte	$83
0005DAr 1  E0           	.byte	$E0
0005DBr 1  00           	.byte	$00
0005DCr 1  00           	.byte	$00
0005DDr 1  00           	.byte	$00
0005DEr 1  00           	.byte	$00
0005DFr 1  00           	.byte	$00
0005E0r 1  00           	.byte	$00
0005E1r 1  00           	.byte	$00
0005E2r 1  00           	.byte	$00
0005E3r 1  00           	.byte	$00
0005E4r 1  00           	.byte	$00
0005E5r 1  20           	.byte	$20
0005E6r 1  08           	.byte	$08
0005E7r 1  05           	.byte	$05
0005E8r 1  02           	.byte	$02
0005E9r 1  20           	.byte	$20
0005EAr 1  00           	.byte	$00
0005EBr 1  00           	.byte	$00
0005ECr 1  00           	.byte	$00
0005EDr 1  00           	.byte	$00
0005EEr 1  00           	.byte	$00
0005EFr 1  00           	.byte	$00
0005F0r 1  00           	.byte	$00
0005F1r 1  00           	.byte	$00
0005F2r 1  00           	.byte	$00
0005F3r 1  00           	.byte	$00
0005F4r 1  50           	.byte	$50
0005F5r 1  14           	.byte	$14
0005F6r 1  0A           	.byte	$0A
0005F7r 1  82           	.byte	$82
0005F8r 1  A0           	.byte	$A0
0005F9r 1  00           	.byte	$00
0005FAr 1  00           	.byte	$00
0005FBr 1  00           	.byte	$00
0005FCr 1  00           	.byte	$00
0005FDr 1  00           	.byte	$00
0005FEr 1  00           	.byte	$00
0005FFr 1  00           	.byte	$00
000600r 1  00           	.byte	$00
000601r 1  00           	.byte	$00
000602r 1  00           	.byte	$00
000603r 1  70           	.byte	$70
000604r 1  22           	.byte	$22
000605r 1  08           	.byte	$08
000606r 1  81           	.byte	$81
000607r 1  C0           	.byte	$C0
000608r 1  00           	.byte	$00
000609r 1  00           	.byte	$00
00060Ar 1  00           	.byte	$00
00060Br 1  00           	.byte	$00
00060Cr 1  00           	.byte	$00
00060Dr 1  00           	.byte	$00
00060Er 1  00           	.byte	$00
00060Fr 1  00           	.byte	$00
000610r 1  00           	.byte	$00
000611r 1  00           	.byte	$00
000612r 1  F8           	.byte	$F8
000613r 1  08           	.byte	$08
000614r 1  05           	.byte	$05
000615r 1  02           	.byte	$02
000616r 1  20           	.byte	$20
000617r 1  00           	.byte	$00
000618r 1  00           	.byte	$00
000619r 1  00           	.byte	$00
00061Ar 1  00           	.byte	$00
00061Br 1  00           	.byte	$00
00061Cr 1  00           	.byte	$00
00061Dr 1  00           	.byte	$00
00061Er 1  00           	.byte	$00
00061Fr 1  00           	.byte	$00
000620r 1  00           	.byte	$00
000621r 1  F8           	.byte	$F8
000622r 1  14           	.byte	$14
000623r 1  0A           	.byte	$0A
000624r 1  82           	.byte	$82
000625r 1  A0           	.byte	$A0
000626r 1  00           	.byte	$00
000627r 1  00           	.byte	$00
000628r 1  00           	.byte	$00
000629r 1  00           	.byte	$00
00062Ar 1  00           	.byte	$00
00062Br 1  00           	.byte	$00
00062Cr 1  00           	.byte	$00
00062Dr 1  00           	.byte	$00
00062Er 1  00           	.byte	$00
00062Fr 1  00           	.byte	$00
000630r 1  20           	.byte	$20
000631r 1  3E           	.byte	$3E
000632r 1  05           	.byte	$05
000633r 1  02           	.byte	$02
000634r 1  20           	.byte	$20
000635r 1  00           	.byte	$00
000636r 1  00           	.byte	$00
000637r 1  00           	.byte	$00
000638r 1  00           	.byte	$00
000639r 1  00           	.byte	$00
00063Ar 1  00           	.byte	$00
00063Br 1  00           	.byte	$00
00063Cr 1  00           	.byte	$00
00063Dr 1  00           	.byte	$00
00063Er 1  00           	.byte	$00
00063Fr 1  F8           	.byte	$F8
000640r 1  02           	.byte	$02
000641r 1  0F           	.byte	$0F
000642r 1  80           	.byte	$80
000643r 1  20           	.byte	$20
000644r 1  00           	.byte	$00
000645r 1  00           	.byte	$00
000646r 1  00           	.byte	$00
000647r 1  00           	.byte	$00
000648r 1  00           	.byte	$00
000649r 1  00           	.byte	$00
00064Ar 1  00           	.byte	$00
00064Br 1  00           	.byte	$00
00064Cr 1  00           	.byte	$00
00064Dr 1  00           	.byte	$00
00064Er 1  F8           	.byte	$F8
00064Fr 1  3E           	.byte	$3E
000650r 1  08           	.byte	$08
000651r 1  03           	.byte	$03
000652r 1  E0           	.byte	$E0
000653r 1  00           	.byte	$00
000654r 1  00           	.byte	$00
000655r 1  00           	.byte	$00
000656r 1  00           	.byte	$00
000657r 1  00           	.byte	$00
000658r 1  00           	.byte	$00
000659r 1  00           	.byte	$00
00065Ar 1  00           	.byte	$00
00065Br 1  00           	.byte	$00
00065Cr 1  00           	.byte	$00
00065Dr 1  F8           	.byte	$F8
00065Er 1  14           	.byte	$14
00065Fr 1  05           	.byte	$05
000660r 1  03           	.byte	$03
000661r 1  E0           	.byte	$E0
000662r 1  00           	.byte	$00
000663r 1  00           	.byte	$00
000664r 1  00           	.byte	$00
000665r 1  00           	.byte	$00
000666r 1  00           	.byte	$00
000667r 1  00           	.byte	$00
000668r 1  00           	.byte	$00
000669r 1  00           	.byte	$00
00066Ar 1  00           	.byte	$00
00066Br 1  00           	.byte	$00
00066Cr 1  20           	.byte	$20
00066Dr 1  3E           	.byte	$3E
00066Er 1  05           	.byte	$05
00066Fr 1  00           	.byte	$00
000670r 1  80           	.byte	$80
000671r 1  00           	.byte	$00
000672r 1  00           	.byte	$00
000673r 1  00           	.byte	$00
000674r 1  00           	.byte	$00
000675r 1  00           	.byte	$00
000676r 1  00           	.byte	$00
000677r 1  00           	.byte	$00
000678r 1  00           	.byte	$00
000679r 1  00           	.byte	$00
00067Ar 1  00           	.byte	$00
00067Br 1  02           	.byte	$02
00067Cr 1  00           	.byte	$00
00067Dr 1  80           	.byte	$80
00067Er 1  38           	.byte	$38
00067Fr 1  08           	.byte	$08
000680r 1  02           	.byte	$02
000681r 1  00           	.byte	$00
000682r 1  80           	.byte	$80
000683r 1  20           	.byte	$20
000684r 1  08           	.byte	$08
000685r 1  00           	.byte	$00
000686r 1  00           	.byte	$00
000687r 1  00           	.byte	$00
000688r 1  00           	.byte	$00
000689r 1  00           	.byte	$00
00068Ar 1  02           	.byte	$02
00068Br 1  80           	.byte	$80
00068Cr 1  A0           	.byte	$A0
00068Dr 1  38           	.byte	$38
00068Er 1  0A           	.byte	$0A
00068Fr 1  02           	.byte	$02
000690r 1  80           	.byte	$80
000691r 1  A0           	.byte	$A0
000692r 1  28           	.byte	$28
000693r 1  0A           	.byte	$0A
000694r 1  00           	.byte	$00
000695r 1  00           	.byte	$00
000696r 1  00           	.byte	$00
000697r 1  00           	.byte	$00
000698r 1  00           	.byte	$00
000699r 1  02           	.byte	$02
00069Ar 1  00           	.byte	$00
00069Br 1  E0           	.byte	$E0
00069Cr 1  20           	.byte	$20
00069Dr 1  0E           	.byte	$0E
00069Er 1  02           	.byte	$02
00069Fr 1  00           	.byte	$00
0006A0r 1  80           	.byte	$80
0006A1r 1  20           	.byte	$20
0006A2r 1  08           	.byte	$08
0006A3r 1  00           	.byte	$00
0006A4r 1  00           	.byte	$00
0006A5r 1  00           	.byte	$00
0006A6r 1  00           	.byte	$00
0006A7r 1  00           	.byte	$00
0006A8r 1  02           	.byte	$02
0006A9r 1  80           	.byte	$80
0006AAr 1  E0           	.byte	$E0
0006ABr 1  28           	.byte	$28
0006ACr 1  0E           	.byte	$0E
0006ADr 1  02           	.byte	$02
0006AEr 1  80           	.byte	$80
0006AFr 1  A0           	.byte	$A0
0006B0r 1  28           	.byte	$28
0006B1r 1  0A           	.byte	$0A
0006B2r 1  00           	.byte	$00
0006B3r 1  00           	.byte	$00
0006B4r 1  00           	.byte	$00
0006B5r 1  00           	.byte	$00
0006B6r 1  00           	.byte	$00
0006B7r 1  02           	.byte	$02
0006B8r 1  00           	.byte	$00
0006B9r 1  80           	.byte	$80
0006BAr 1  E0           	.byte	$E0
0006BBr 1  08           	.byte	$08
0006BCr 1  02           	.byte	$02
0006BDr 1  00           	.byte	$00
0006BEr 1  80           	.byte	$80
0006BFr 1  20           	.byte	$20
0006C0r 1  08           	.byte	$08
0006C1r 1  00           	.byte	$00
0006C2r 1  00           	.byte	$00
0006C3r 1  00           	.byte	$00
0006C4r 1  00           	.byte	$00
0006C5r 1  00           	.byte	$00
0006C6r 1  02           	.byte	$02
0006C7r 1  80           	.byte	$80
0006C8r 1  A0           	.byte	$A0
0006C9r 1  E8           	.byte	$E8
0006CAr 1  0A           	.byte	$0A
0006CBr 1  02           	.byte	$02
0006CCr 1  80           	.byte	$80
0006CDr 1  A0           	.byte	$A0
0006CEr 1  28           	.byte	$28
0006CFr 1  0A           	.byte	$0A
0006D0r 1  00           	.byte	$00
0006D1r 1  00           	.byte	$00
0006D2r 1  00           	.byte	$00
0006D3r 1  00           	.byte	$00
0006D4r 1  00           	.byte	$00
0006D5r 1  02           	.byte	$02
0006D6r 1  03           	.byte	$03
0006D7r 1  80           	.byte	$80
0006D8r 1  20           	.byte	$20
0006D9r 1  38           	.byte	$38
0006DAr 1  02           	.byte	$02
0006DBr 1  00           	.byte	$00
0006DCr 1  80           	.byte	$80
0006DDr 1  20           	.byte	$20
0006DEr 1  08           	.byte	$08
0006DFr 1  00           	.byte	$00
0006E0r 1  00           	.byte	$00
0006E1r 1  00           	.byte	$00
0006E2r 1  00           	.byte	$00
0006E3r 1  00           	.byte	$00
0006E4r 1  02           	.byte	$02
0006E5r 1  83           	.byte	$83
0006E6r 1  A0           	.byte	$A0
0006E7r 1  28           	.byte	$28
0006E8r 1  3A           	.byte	$3A
0006E9r 1  02           	.byte	$02
0006EAr 1  80           	.byte	$80
0006EBr 1  A0           	.byte	$A0
0006ECr 1  28           	.byte	$28
0006EDr 1  0A           	.byte	$0A
0006EEr 1  00           	.byte	$00
0006EFr 1  00           	.byte	$00
0006F0r 1  00           	.byte	$00
0006F1r 1  00           	.byte	$00
0006F2r 1  00           	.byte	$00
0006F3r 1  00           	.byte	$00
0006F4r 1  00           	.byte	$00
0006F5r 1  00           	.byte	$00
0006F6r 1  00           	.byte	$00
0006F7r 1  20           	.byte	$20
0006F8r 1  08           	.byte	$08
0006F9r 1  3F           	.byte	$3F
0006FAr 1  E0           	.byte	$E0
0006FBr 1  00           	.byte	$00
0006FCr 1  00           	.byte	$00
0006FDr 1  00           	.byte	$00
0006FEr 1  00           	.byte	$00
0006FFr 1  00           	.byte	$00
000700r 1  00           	.byte	$00
000701r 1  00           	.byte	$00
000702r 1  02           	.byte	$02
000703r 1  00           	.byte	$00
000704r 1  80           	.byte	$80
000705r 1  38           	.byte	$38
000706r 1  88           	.byte	$88
000707r 1  22           	.byte	$22
000708r 1  3F           	.byte	$3F
000709r 1  80           	.byte	$80
00070Ar 1  20           	.byte	$20
00070Br 1  08           	.byte	$08
00070Cr 1  00           	.byte	$00
00070Dr 1  00           	.byte	$00
00070Er 1  00           	.byte	$00
00070Fr 1  00           	.byte	$00
000710r 1  00           	.byte	$00
000711r 1  02           	.byte	$02
000712r 1  80           	.byte	$80
000713r 1  A0           	.byte	$A0
000714r 1  38           	.byte	$38
000715r 1  8A           	.byte	$8A
000716r 1  22           	.byte	$22
000717r 1  BF           	.byte	$BF
000718r 1  A0           	.byte	$A0
000719r 1  28           	.byte	$28
00071Ar 1  0A           	.byte	$0A
00071Br 1  00           	.byte	$00
00071Cr 1  00           	.byte	$00
00071Dr 1  00           	.byte	$00
00071Er 1  00           	.byte	$00
00071Fr 1  00           	.byte	$00
000720r 1  02           	.byte	$02
000721r 1  00           	.byte	$00
000722r 1  80           	.byte	$80
000723r 1  20           	.byte	$20
000724r 1  88           	.byte	$88
000725r 1  22           	.byte	$22
000726r 1  3F           	.byte	$3F
000727r 1  80           	.byte	$80
000728r 1  20           	.byte	$20
000729r 1  08           	.byte	$08
00072Ar 1  00           	.byte	$00
00072Br 1  00           	.byte	$00
00072Cr 1  00           	.byte	$00
00072Dr 1  00           	.byte	$00
00072Er 1  00           	.byte	$00
00072Fr 1  00           	.byte	$00
000730r 1  00           	.byte	$00
000731r 1  00           	.byte	$00
000732r 1  00           	.byte	$00
000733r 1  50           	.byte	$50
000734r 1  14           	.byte	$14
000735r 1  3F           	.byte	$3F
000736r 1  E0           	.byte	$E0
000737r 1  00           	.byte	$00
000738r 1  00           	.byte	$00
000739r 1  00           	.byte	$00
00073Ar 1  00           	.byte	$00
00073Br 1  00           	.byte	$00
00073Cr 1  00           	.byte	$00
00073Dr 1  00           	.byte	$00
00073Er 1  00           	.byte	$00
00073Fr 1  00           	.byte	$00
000740r 1  00           	.byte	$00
000741r 1  00           	.byte	$00
000742r 1  00           	.byte	$00
000743r 1  00           	.byte	$00
000744r 1  3F           	.byte	$3F
000745r 1  E0           	.byte	$E0
000746r 1  80           	.byte	$80
000747r 1  20           	.byte	$20
000748r 1  00           	.byte	$00
000749r 1  00           	.byte	$00
00074Ar 1  00           	.byte	$00
00074Br 1  00           	.byte	$00
00074Cr 1  00           	.byte	$00
00074Dr 1  02           	.byte	$02
00074Er 1  00           	.byte	$00
00074Fr 1  80           	.byte	$80
000750r 1  E0           	.byte	$E0
000751r 1  08           	.byte	$08
000752r 1  02           	.byte	$02
000753r 1  3F           	.byte	$3F
000754r 1  82           	.byte	$82
000755r 1  20           	.byte	$20
000756r 1  88           	.byte	$88
000757r 1  00           	.byte	$00
000758r 1  00           	.byte	$00
000759r 1  00           	.byte	$00
00075Ar 1  00           	.byte	$00
00075Br 1  00           	.byte	$00
00075Cr 1  02           	.byte	$02
00075Dr 1  80           	.byte	$80
00075Er 1  A0           	.byte	$A0
00075Fr 1  E8           	.byte	$E8
000760r 1  0A           	.byte	$0A
000761r 1  02           	.byte	$02
000762r 1  BF           	.byte	$BF
000763r 1  A2           	.byte	$A2
000764r 1  28           	.byte	$28
000765r 1  8A           	.byte	$8A
000766r 1  00           	.byte	$00
000767r 1  00           	.byte	$00
000768r 1  00           	.byte	$00
000769r 1  00           	.byte	$00
00076Ar 1  00           	.byte	$00
00076Br 1  02           	.byte	$02
00076Cr 1  00           	.byte	$00
00076Dr 1  80           	.byte	$80
00076Er 1  20           	.byte	$20
00076Fr 1  08           	.byte	$08
000770r 1  02           	.byte	$02
000771r 1  3F           	.byte	$3F
000772r 1  82           	.byte	$82
000773r 1  20           	.byte	$20
000774r 1  88           	.byte	$88
000775r 1  00           	.byte	$00
000776r 1  00           	.byte	$00
000777r 1  00           	.byte	$00
000778r 1  00           	.byte	$00
000779r 1  00           	.byte	$00
00077Ar 1  00           	.byte	$00
00077Br 1  00           	.byte	$00
00077Cr 1  00           	.byte	$00
00077Dr 1  00           	.byte	$00
00077Er 1  00           	.byte	$00
00077Fr 1  00           	.byte	$00
000780r 1  3F           	.byte	$3F
000781r 1  E1           	.byte	$E1
000782r 1  40           	.byte	$40
000783r 1  50           	.byte	$50
000784r 1  00           	.byte	$00
000785r 1  00           	.byte	$00
000786r 1  00           	.byte	$00
000787r 1  00           	.byte	$00
000788r 1  00           	.byte	$00
000789r 1  00           	.byte	$00
00078Ar 1  00           	.byte	$00
00078Br 1  00           	.byte	$00
00078Cr 1  00           	.byte	$00
00078Dr 1  00           	.byte	$00
00078Er 1  00           	.byte	$00
00078Fr 1  3F           	.byte	$3F
000790r 1  E0           	.byte	$E0
000791r 1  00           	.byte	$00
000792r 1  00           	.byte	$00
000793r 1  00           	.byte	$00
000794r 1  00           	.byte	$00
000795r 1  00           	.byte	$00
000796r 1  00           	.byte	$00
000797r 1  00           	.byte	$00
000798r 1  02           	.byte	$02
000799r 1  00           	.byte	$00
00079Ar 1  80           	.byte	$80
00079Br 1  20           	.byte	$20
00079Cr 1  08           	.byte	$08
00079Dr 1  02           	.byte	$02
00079Er 1  3F           	.byte	$3F
00079Fr 1  80           	.byte	$80
0007A0r 1  20           	.byte	$20
0007A1r 1  08           	.byte	$08
0007A2r 1  00           	.byte	$00
0007A3r 1  00           	.byte	$00
0007A4r 1  00           	.byte	$00
0007A5r 1  00           	.byte	$00
0007A6r 1  00           	.byte	$00
0007A7r 1  02           	.byte	$02
0007A8r 1  00           	.byte	$00
0007A9r 1  80           	.byte	$80
0007AAr 1  20           	.byte	$20
0007ABr 1  08           	.byte	$08
0007ACr 1  02           	.byte	$02
0007ADr 1  00           	.byte	$00
0007AEr 1  80           	.byte	$80
0007AFr 1  20           	.byte	$20
0007B0r 1  08           	.byte	$08
0007B1r 1  00           	.byte	$00
0007B2r 1  00           	.byte	$00
0007B3r 1  00           	.byte	$00
0007B4r 1  00           	.byte	$00
0007B5r 1  00           	.byte	$00
0007B6r 1  00           	.byte	$00
0007B7r 1  00           	.byte	$00
0007B8r 1  00           	.byte	$00
0007B9r 1  00           	.byte	$00
0007BAr 1  00           	.byte	$00
0007BBr 1  00           	.byte	$00
0007BCr 1  00           	.byte	$00
0007BDr 1  00           	.byte	$00
0007BEr 1  00           	.byte	$00
0007BFr 1  F8           	.byte	$F8
0007C0r 1  02           	.byte	$02
0007C1r 1  00           	.byte	$00
0007C2r 1  80           	.byte	$80
0007C3r 1  20           	.byte	$20
0007C4r 1  00           	.byte	$00
0007C5r 1  00           	.byte	$00
0007C6r 1  00           	.byte	$00
0007C7r 1  00           	.byte	$00
0007C8r 1  00           	.byte	$00
0007C9r 1  00           	.byte	$00
0007CAr 1  00           	.byte	$00
0007CBr 1  00           	.byte	$00
0007CCr 1  00           	.byte	$00
0007CDr 1  01           	.byte	$01
0007CEr 1  DC           	.byte	$DC
0007CFr 1  11           	.byte	$11
0007D0r 1  04           	.byte	$04
0007D1r 1  41           	.byte	$41
0007D2r 1  10           	.byte	$10
0007D3r 1  00           	.byte	$00
0007D4r 1  00           	.byte	$00
0007D5r 1  00           	.byte	$00
0007D6r 1  00           	.byte	$00
0007D7r 1  00           	.byte	$00
0007D8r 1  00           	.byte	$00
0007D9r 1  00           	.byte	$00
0007DAr 1  00           	.byte	$00
0007DBr 1  00           	.byte	$00
0007DCr 1  01           	.byte	$01
0007DDr 1  C8           	.byte	$C8
0007DEr 1  12           	.byte	$12
0007DFr 1  05           	.byte	$05
0007E0r 1  41           	.byte	$41
0007E1r 1  50           	.byte	$50
0007E2r 1  00           	.byte	$00
0007E3r 1  00           	.byte	$00
0007E4r 1  00           	.byte	$00
0007E5r 1  00           	.byte	$00
0007E6r 1  00           	.byte	$00
0007E7r 1  00           	.byte	$00
0007E8r 1  00           	.byte	$00
0007E9r 1  00           	.byte	$00
0007EAr 1  00           	.byte	$00
0007EBr 1  00           	.byte	$00
0007ECr 1  80           	.byte	$80
0007EDr 1  20           	.byte	$20
0007EEr 1  08           	.byte	$08
0007EFr 1  03           	.byte	$03
0007F0r 1  E0           	.byte	$E0
0007F1r 1  00           	.byte	$00
0007F2r 1  00           	.byte	$00
0007F3r 1  00           	.byte	$00
0007F4r 1  00           	.byte	$00
0007F5r 1  00           	.byte	$00
0007F6r 1  00           	.byte	$00
0007F7r 1  00           	.byte	$00
0007F8r 1  00           	.byte	$00
0007F9r 1  00           	.byte	$00
0007FAr 1  01           	.byte	$01
0007FBr 1  1C           	.byte	$1C
0007FCr 1  42           	.byte	$42
0007FDr 1  11           	.byte	$11
0007FEr 1  47           	.byte	$47
0007FFr 1  50           	.byte	$50
000800r 1  00           	.byte	$00
000801r 1  00           	.byte	$00
000802r 1  00           	.byte	$00
000803r 1  00           	.byte	$00
000804r 1  00           	.byte	$00
000805r 1  00           	.byte	$00
000806r 1  00           	.byte	$00
000807r 1  00           	.byte	$00
000808r 1  00           	.byte	$00
000809r 1  01           	.byte	$01
00080Ar 1  08           	.byte	$08
00080Br 1  4F           	.byte	$4F
00080Cr 1  91           	.byte	$91
00080Dr 1  47           	.byte	$47
00080Er 1  20           	.byte	$20
00080Fr 1  00           	.byte	$00
000810r 1  00           	.byte	$00
000811r 1  00           	.byte	$00
000812r 1  00           	.byte	$00
000813r 1  00           	.byte	$00
000814r 1  00           	.byte	$00
000815r 1  00           	.byte	$00
000816r 1  00           	.byte	$00
000817r 1  00           	.byte	$00
000818r 1  00           	.byte	$00
000819r 1  F8           	.byte	$F8
00081Ar 1  20           	.byte	$20
00081Br 1  08           	.byte	$08
00081Cr 1  03           	.byte	$03
00081Dr 1  E0           	.byte	$E0
00081Er 1  00           	.byte	$00
00081Fr 1  00           	.byte	$00
000820r 1  00           	.byte	$00
000821r 1  00           	.byte	$00
000822r 1  00           	.byte	$00
000823r 1  00           	.byte	$00
000824r 1  00           	.byte	$00
000825r 1  00           	.byte	$00
000826r 1  00           	.byte	$00
000827r 1  00           	.byte	$00
000828r 1  F8           	.byte	$F8
000829r 1  06           	.byte	$06
00082Ar 1  0E           	.byte	$0E
00082Br 1  03           	.byte	$03
00082Cr 1  E0           	.byte	$E0
00082Dr 1  00           	.byte	$00
00082Er 1  00           	.byte	$00
00082Fr 1  00           	.byte	$00
000830r 1  00           	.byte	$00
000831r 1  00           	.byte	$00
000832r 1  00           	.byte	$00
000833r 1  00           	.byte	$00
000834r 1  00           	.byte	$00
000835r 1  00           	.byte	$00
000836r 1  01           	.byte	$01
000837r 1  DC           	.byte	$DC
000838r 1  11           	.byte	$11
000839r 1  18           	.byte	$18
00083Ar 1  47           	.byte	$47
00083Br 1  10           	.byte	$10
00083Cr 1  00           	.byte	$00
00083Dr 1  00           	.byte	$00
00083Er 1  00           	.byte	$00
00083Fr 1  00           	.byte	$00
000840r 1  00           	.byte	$00
000841r 1  00           	.byte	$00
000842r 1  00           	.byte	$00
000843r 1  00           	.byte	$00
000844r 1  00           	.byte	$00
000845r 1  01           	.byte	$01
000846r 1  DC           	.byte	$DC
000847r 1  15           	.byte	$15
000848r 1  19           	.byte	$19
000849r 1  47           	.byte	$47
00084Ar 1  70           	.byte	$70
00084Br 1  00           	.byte	$00
00084Cr 1  00           	.byte	$00
00084Dr 1  00           	.byte	$00
00084Er 1  00           	.byte	$00
00084Fr 1  00           	.byte	$00
000850r 1  00           	.byte	$00
000851r 1  00           	.byte	$00
000852r 1  00           	.byte	$00
000853r 1  00           	.byte	$00
000854r 1  01           	.byte	$01
000855r 1  D4           	.byte	$D4
000856r 1  17           	.byte	$17
000857r 1  19           	.byte	$19
000858r 1  47           	.byte	$47
000859r 1  70           	.byte	$70
00085Ar 1  00           	.byte	$00
00085Br 1  00           	.byte	$00
00085Cr 1  00           	.byte	$00
00085Dr 1  00           	.byte	$00
00085Er 1  00           	.byte	$00
00085Fr 1  00           	.byte	$00
000860r 1  00           	.byte	$00
000861r 1  00           	.byte	$00
000862r 1  00           	.byte	$00
000863r 1  01           	.byte	$01
000864r 1  C8           	.byte	$C8
000865r 1  12           	.byte	$12
000866r 1  19           	.byte	$19
000867r 1  47           	.byte	$47
000868r 1  50           	.byte	$50
000869r 1  00           	.byte	$00
00086Ar 1  00           	.byte	$00
00086Br 1  00           	.byte	$00
00086Cr 1  00           	.byte	$00
00086Dr 1  00           	.byte	$00
00086Er 1  00           	.byte	$00
00086Fr 1  00           	.byte	$00
000870r 1  00           	.byte	$00
000871r 1  00           	.byte	$00
000872r 1  01           	.byte	$01
000873r 1  DC           	.byte	$DC
000874r 1  17           	.byte	$17
000875r 1  19           	.byte	$19
000876r 1  07           	.byte	$07
000877r 1  70           	.byte	$70
000878r 1  00           	.byte	$00
000879r 1  00           	.byte	$00
00087Ar 1  00           	.byte	$00
00087Br 1  00           	.byte	$00
00087Cr 1  00           	.byte	$00
00087Dr 1  00           	.byte	$00
00087Er 1  00           	.byte	$00
00087Fr 1  00           	.byte	$00
000880r 1  00           	.byte	$00
000881r 1  01           	.byte	$01
000882r 1  DE           	.byte	$DE
000883r 1  13           	.byte	$13
000884r 1  18           	.byte	$18
000885r 1  C7           	.byte	$C7
000886r 1  78           	.byte	$78
000887r 1  00           	.byte	$00
000888r 1  00           	.byte	$00
000889r 1  00           	.byte	$00
00088Ar 1  00           	.byte	$00
00088Br 1  00           	.byte	$00
00088Cr 1  00           	.byte	$00
00088Dr 1  00           	.byte	$00
00088Er 1  00           	.byte	$00
00088Fr 1  00           	.byte	$00
000890r 1  01           	.byte	$01
000891r 1  C8           	.byte	$C8
000892r 1  1F           	.byte	$1F
000893r 1  99           	.byte	$99
000894r 1  47           	.byte	$47
000895r 1  20           	.byte	$20
000896r 1  00           	.byte	$00
000897r 1  00           	.byte	$00
000898r 1  00           	.byte	$00
000899r 1  00           	.byte	$00
00089Ar 1  00           	.byte	$00
00089Br 1  00           	.byte	$00
00089Cr 1  00           	.byte	$00
00089Dr 1  00           	.byte	$00
00089Er 1  00           	.byte	$00
00089Fr 1  00           	.byte	$00
0008A0r 1  F8           	.byte	$F8
0008A1r 1  22           	.byte	$22
0008A2r 1  08           	.byte	$08
0008A3r 1  83           	.byte	$83
0008A4r 1  E0           	.byte	$E0
0008A5r 1  00           	.byte	$00
0008A6r 1  00           	.byte	$00
0008A7r 1  00           	.byte	$00
0008A8r 1  00           	.byte	$00
0008A9r 1  00           	.byte	$00
0008AAr 1  00           	.byte	$00
0008ABr 1  00           	.byte	$00
0008ACr 1  00           	.byte	$00
0008ADr 1  00           	.byte	$00
0008AEr 1  00           	.byte	$00
0008AFr 1  88           	.byte	$88
0008B0r 1  3E           	.byte	$3E
0008B1r 1  08           	.byte	$08
0008B2r 1  83           	.byte	$83
0008B3r 1  E0           	.byte	$E0
0008B4r 1  00           	.byte	$00
0008B5r 1  00           	.byte	$00
0008B6r 1  00           	.byte	$00
0008B7r 1  00           	.byte	$00
0008B8r 1  00           	.byte	$00
0008B9r 1  00           	.byte	$00
0008BAr 1  00           	.byte	$00
0008BBr 1  00           	.byte	$00
0008BCr 1  00           	.byte	$00
0008BDr 1  01           	.byte	$01
0008BEr 1  48           	.byte	$48
0008BFr 1  72           	.byte	$72
0008C0r 1  15           	.byte	$15
0008C1r 1  47           	.byte	$47
0008C2r 1  50           	.byte	$50
0008C3r 1  00           	.byte	$00
0008C4r 1  00           	.byte	$00
0008C5r 1  00           	.byte	$00
0008C6r 1  00           	.byte	$00
0008C7r 1  00           	.byte	$00
0008C8r 1  00           	.byte	$00
0008C9r 1  00           	.byte	$00
0008CAr 1  00           	.byte	$00
0008CBr 1  00           	.byte	$00
0008CCr 1  00           	.byte	$00
0008CDr 1  20           	.byte	$20
0008CEr 1  08           	.byte	$08
0008CFr 1  05           	.byte	$05
0008D0r 1  02           	.byte	$02
0008D1r 1  20           	.byte	$20
0008D2r 1  00           	.byte	$00
0008D3r 1  00           	.byte	$00
0008D4r 1  00           	.byte	$00
0008D5r 1  00           	.byte	$00
0008D6r 1  00           	.byte	$00
0008D7r 1  00           	.byte	$00
0008D8r 1  00           	.byte	$00
0008D9r 1  00           	.byte	$00
0008DAr 1  00           	.byte	$00
0008DBr 1  00           	.byte	$00
0008DCr 1  88           	.byte	$88
0008DDr 1  22           	.byte	$22
0008DEr 1  15           	.byte	$15
0008DFr 1  45           	.byte	$45
0008E0r 1  50           	.byte	$50
0008E1r 1  00           	.byte	$00
0008E2r 1  00           	.byte	$00
0008E3r 1  00           	.byte	$00
0008E4r 1  00           	.byte	$00
0008E5r 1  00           	.byte	$00
0008E6r 1  00           	.byte	$00
0008E7r 1  00           	.byte	$00
0008E8r 1  00           	.byte	$00
0008E9r 1  00           	.byte	$00
0008EAr 1  00           	.byte	$00
0008EBr 1  70           	.byte	$70
0008ECr 1  22           	.byte	$22
0008EDr 1  08           	.byte	$08
0008EEr 1  81           	.byte	$81
0008EFr 1  C0           	.byte	$C0
0008F0r 1  00           	.byte	$00
0008F1r 1  00           	.byte	$00
0008F2r 1  00           	.byte	$00
0008F3r 1  00           	.byte	$00
0008F4r 1  00           	.byte	$00
0008F5r 1  00           	.byte	$00
0008F6r 1  00           	.byte	$00
0008F7r 1  00           	.byte	$00
0008F8r 1  00           	.byte	$00
0008F9r 1  00           	.byte	$00
0008FAr 1  F8           	.byte	$F8
0008FBr 1  08           	.byte	$08
0008FCr 1  05           	.byte	$05
0008FDr 1  02           	.byte	$02
0008FEr 1  20           	.byte	$20
0008FFr 1  00           	.byte	$00
000900r 1  00           	.byte	$00
000901r 1  00           	.byte	$00
000902r 1  00           	.byte	$00
000903r 1  00           	.byte	$00
000904r 1  00           	.byte	$00
000905r 1  00           	.byte	$00
000906r 1  00           	.byte	$00
000907r 1  00           	.byte	$00
000908r 1  00           	.byte	$00
000909r 1  20           	.byte	$20
00090Ar 1  3E           	.byte	$3E
00090Br 1  05           	.byte	$05
00090Cr 1  02           	.byte	$02
00090Dr 1  20           	.byte	$20
00090Er 1  00           	.byte	$00
00090Fr 1  00           	.byte	$00
000910r 1  00           	.byte	$00
000911r 1  00           	.byte	$00
000912r 1  00           	.byte	$00
000913r 1  00           	.byte	$00
000914r 1  00           	.byte	$00
000915r 1  00           	.byte	$00
000916r 1  00           	.byte	$00
000917r 1  00           	.byte	$00
000918r 1  F8           	.byte	$F8
000919r 1  02           	.byte	$02
00091Ar 1  0F           	.byte	$0F
00091Br 1  80           	.byte	$80
00091Cr 1  20           	.byte	$20
00091Dr 1  00           	.byte	$00
00091Er 1  00           	.byte	$00
00091Fr 1  00           	.byte	$00
000920r 1  00           	.byte	$00
000921r 1  00           	.byte	$00
000922r 1  00           	.byte	$00
000923r 1  00           	.byte	$00
000924r 1  00           	.byte	$00
000925r 1  00           	.byte	$00
000926r 1  00           	.byte	$00
000927r 1  F8           	.byte	$F8
000928r 1  3E           	.byte	$3E
000929r 1  08           	.byte	$08
00092Ar 1  03           	.byte	$03
00092Br 1  E0           	.byte	$E0
00092Cr 1  00           	.byte	$00
00092Dr 1  00           	.byte	$00
00092Er 1  00           	.byte	$00
00092Fr 1  00           	.byte	$00
000930r 1  00           	.byte	$00
000931r 1  00           	.byte	$00
000932r 1  00           	.byte	$00
000933r 1  00           	.byte	$00
000934r 1  00           	.byte	$00
000935r 1  00           	.byte	$00
000936r 1  F8           	.byte	$F8
000937r 1  14           	.byte	$14
000938r 1  05           	.byte	$05
000939r 1  03           	.byte	$03
00093Ar 1  E0           	.byte	$E0
00093Br 1  00           	.byte	$00
00093Cr 1  00           	.byte	$00
00093Dr 1  00           	.byte	$00
00093Er 1  00           	.byte	$00
00093Fr 1  00           	.byte	$00
000940r 1  00           	.byte	$00
000941r 1  00           	.byte	$00
000942r 1  00           	.byte	$00
000943r 1  00           	.byte	$00
000944r 1  00           	.byte	$00
000945r 1  20           	.byte	$20
000946r 1  3E           	.byte	$3E
000947r 1  05           	.byte	$05
000948r 1  00           	.byte	$00
000949r 1  80           	.byte	$80
00094Ar 1  00           	.byte	$00
00094Br 1               _kor10x12_bin_len:
00094Br 1  27 06        	.word	$0627
00094Dr 1               _CHOSEONG_NAMES:
00094Dr 1  rr rr        	.addr	S0038
00094Fr 1  rr rr        	.addr	S0039
000951r 1  rr rr        	.addr	S003A
000953r 1  rr rr        	.addr	S003B
000955r 1  rr rr        	.addr	S003C
000957r 1  rr rr        	.addr	S003D
000959r 1  rr rr        	.addr	S003E
00095Br 1  rr rr        	.addr	S003F
00095Dr 1  rr rr        	.addr	S0040
00095Fr 1  rr rr        	.addr	S0041
000961r 1  rr rr        	.addr	S0042
000963r 1  rr rr        	.addr	S0043
000965r 1  rr rr        	.addr	S0044
000967r 1  rr rr        	.addr	S0045
000969r 1  rr rr        	.addr	S0046
00096Br 1  rr rr        	.addr	S0047
00096Dr 1  rr rr        	.addr	S0048
00096Fr 1  rr rr        	.addr	S0049
000971r 1  rr rr        	.addr	S004A
000973r 1               _JUNGSEONG_NAMES:
000973r 1  rr rr        	.addr	S004B
000975r 1  rr rr        	.addr	S004C
000977r 1  rr rr        	.addr	S004D
000979r 1  rr rr        	.addr	S004E
00097Br 1  rr rr        	.addr	S004F
00097Dr 1  rr rr        	.addr	S0050
00097Fr 1  rr rr        	.addr	S0051
000981r 1  rr rr        	.addr	S0052
000983r 1  rr rr        	.addr	S0053
000985r 1  rr rr        	.addr	S0054
000987r 1  rr rr        	.addr	S0055
000989r 1  rr rr        	.addr	S0056
00098Br 1  rr rr        	.addr	S0057
00098Dr 1  rr rr        	.addr	S0058
00098Fr 1  rr rr        	.addr	S0059
000991r 1  rr rr        	.addr	S005A
000993r 1  rr rr        	.addr	S005B
000995r 1  rr rr        	.addr	S005C
000997r 1  rr rr        	.addr	S005D
000999r 1  rr rr        	.addr	S005E
00099Br 1  rr rr        	.addr	S005F
00099Dr 1               _JONGSEONG_NAMES:
00099Dr 1  rr rr        	.addr	S0060
00099Fr 1  rr rr        	.addr	S0061
0009A1r 1  rr rr        	.addr	S0062
0009A3r 1  rr rr        	.addr	S0063
0009A5r 1  rr rr        	.addr	S0064
0009A7r 1  rr rr        	.addr	S0065
0009A9r 1  rr rr        	.addr	S0066
0009ABr 1  rr rr        	.addr	S0067
0009ADr 1  rr rr        	.addr	S0068
0009AFr 1  rr rr        	.addr	S0069
0009B1r 1  rr rr        	.addr	S006A
0009B3r 1  rr rr        	.addr	S006B
0009B5r 1  rr rr        	.addr	S006C
0009B7r 1  rr rr        	.addr	S006D
0009B9r 1  rr rr        	.addr	S006E
0009BBr 1  rr rr        	.addr	S006F
0009BDr 1  rr rr        	.addr	S0070
0009BFr 1  rr rr        	.addr	S0071
0009C1r 1  rr rr        	.addr	S0072
0009C3r 1  rr rr        	.addr	S0073
0009C5r 1  rr rr        	.addr	S0074
0009C7r 1  rr rr        	.addr	S0075
0009C9r 1  rr rr        	.addr	S0076
0009CBr 1  rr rr        	.addr	S0077
0009CDr 1  rr rr        	.addr	S0078
0009CFr 1  rr rr        	.addr	S0079
0009D1r 1  rr rr        	.addr	S007A
0009D3r 1  rr rr        	.addr	S007B
0009D5r 1               _ucs2_sample:
0009D5r 1  48 00        	.word	$0048
0009D7r 1  65 00        	.word	$0065
0009D9r 1  6C 00        	.word	$006C
0009DBr 1  6C 00        	.word	$006C
0009DDr 1  6F 00        	.word	$006F
0009DFr 1  2C 00        	.word	$002C
0009E1r 1  57 00        	.word	$0057
0009E3r 1  6F 00        	.word	$006F
0009E5r 1  72 00        	.word	$0072
0009E7r 1  6C 00        	.word	$006C
0009E9r 1  64 00        	.word	$0064
0009EBr 1  21 00        	.word	$0021
0009EDr 1  31 00        	.word	$0031
0009EFr 1  32 00        	.word	$0032
0009F1r 1  33 00        	.word	$0033
0009F3r 1  34 00        	.word	$0034
0009F5r 1  35 00        	.word	$0035
0009F7r 1  36 00        	.word	$0036
0009F9r 1  37 00        	.word	$0037
0009FBr 1  38 00        	.word	$0038
0009FDr 1  39 00        	.word	$0039
0009FFr 1  30 00        	.word	$0030
000A01r 1  20 00        	.word	$0020
000A03r 1  41 00        	.word	$0041
000A05r 1  42 00        	.word	$0042
000A07r 1  43 00        	.word	$0043
000A09r 1  44 00        	.word	$0044
000A0Br 1  45 00        	.word	$0045
000A0Dr 1  46 00        	.word	$0046
000A0Fr 1  47 00        	.word	$0047
000A11r 1  48 00        	.word	$0048
000A13r 1  49 00        	.word	$0049
000A15r 1  4A 00        	.word	$004A
000A17r 1  4B 00        	.word	$004B
000A19r 1  4C 00        	.word	$004C
000A1Br 1  4D 00        	.word	$004D
000A1Dr 1  4E 00        	.word	$004E
000A1Fr 1  4F 00        	.word	$004F
000A21r 1  50 00        	.word	$0050
000A23r 1  51 00        	.word	$0051
000A25r 1  52 00        	.word	$0052
000A27r 1  53 00        	.word	$0053
000A29r 1  54 00        	.word	$0054
000A2Br 1  55 00        	.word	$0055
000A2Dr 1  56 00        	.word	$0056
000A2Fr 1  45 00        	.word	$0045
000A31r 1  58 00        	.word	$0058
000A33r 1  59 00        	.word	$0059
000A35r 1  5A 00        	.word	$005A
000A37r 1  20 00        	.word	$0020
000A39r 1  61 00        	.word	$0061
000A3Br 1  62 00        	.word	$0062
000A3Dr 1  63 00        	.word	$0063
000A3Fr 1  64 00        	.word	$0064
000A41r 1  65 00        	.word	$0065
000A43r 1  66 00        	.word	$0066
000A45r 1  67 00        	.word	$0067
000A47r 1  68 00        	.word	$0068
000A49r 1  69 00        	.word	$0069
000A4Br 1  6A 00        	.word	$006A
000A4Dr 1  6B 00        	.word	$006B
000A4Fr 1  6C 00        	.word	$006C
000A51r 1  6D 00        	.word	$006D
000A53r 1  6E 00        	.word	$006E
000A55r 1  6F 00        	.word	$006F
000A57r 1  70 00        	.word	$0070
000A59r 1  71 00        	.word	$0071
000A5Br 1  72 00        	.word	$0072
000A5Dr 1  73 00        	.word	$0073
000A5Fr 1  74 00        	.word	$0074
000A61r 1  75 00        	.word	$0075
000A63r 1  76 00        	.word	$0076
000A65r 1  77 00        	.word	$0077
000A67r 1  78 00        	.word	$0078
000A69r 1  79 00        	.word	$0079
000A6Br 1  7A 00        	.word	$007A
000A6Dr 1  20 00        	.word	$0020
000A6Fr 1  21 00        	.word	$0021
000A71r 1  40 00        	.word	$0040
000A73r 1  23 00        	.word	$0023
000A75r 1  24 00        	.word	$0024
000A77r 1  25 00        	.word	$0025
000A79r 1  5E 00        	.word	$005E
000A7Br 1  26 00        	.word	$0026
000A7Dr 1  2A 00        	.word	$002A
000A7Fr 1  28 00        	.word	$0028
000A81r 1  29 00        	.word	$0029
000A83r 1  2D 00        	.word	$002D
000A85r 1  3D 00        	.word	$003D
000A87r 1  2B 00        	.word	$002B
000A89r 1  5B 00        	.word	$005B
000A8Br 1  5D 00        	.word	$005D
000A8Dr 1  7B 00        	.word	$007B
000A8Fr 1  7D 00        	.word	$007D
000A91r 1  3B 00        	.word	$003B
000A93r 1  3A 00        	.word	$003A
000A95r 1  27 00        	.word	$0027
000A97r 1  22 00        	.word	$0022
000A99r 1  2C 00        	.word	$002C
000A9Br 1  2E 00        	.word	$002E
000A9Dr 1  2F 00        	.word	$002F
000A9Fr 1  3F 00        	.word	$003F
000AA1r 1  20 00        	.word	$0020
000AA3r 1  5C D5        	.word	$D55C
000AA5r 1  00 AE        	.word	$AE00
000AA7r 1  40 C7        	.word	$C740
000AA9r 1  20 00        	.word	$0020
000AABr 1  44 C5        	.word	$C544
000AADr 1  84 B9        	.word	$B984
000AAFr 1  F5 B2        	.word	$B2F5
000AB1r 1  E4 B2        	.word	$B2E4
000AB3r 1  20 00        	.word	$0020
000AB5r 1  F8 AD        	.word	$ADF8
000AB7r 1  EC B7        	.word	$B7EC
000AB9r 1  98 B0        	.word	$B098
000ABBr 1  20 00        	.word	$0020
000ABDr 1  E8 AC        	.word	$ACE8
000ABFr 1  58 CE        	.word	$CE58
000AC1r 1  44 C5        	.word	$C544
000AC3r 1  04 D5        	.word	$D504
000AC5r 1  E4 B2        	.word	$B2E4
000AC7r 1  2E 00        	.word	$002E
000AC9r 1  00 00        	.word	$0000
000ACBr 1               _utf8_sample:
000ACBr 1  rr rr        	.addr	S0080
000ACDr 1               
000ACDr 1               .segment	"RODATA"
000000r 1               
000000r 1               _HGR_OFFSET:
000000r 1  00 00        	.word	$0000
000002r 1  00 04        	.word	$0400
000004r 1  00 08        	.word	$0800
000006r 1  00 0C        	.word	$0C00
000008r 1  00 10        	.word	$1000
00000Ar 1  00 14        	.word	$1400
00000Cr 1  00 18        	.word	$1800
00000Er 1  00 1C        	.word	$1C00
000010r 1  80 00        	.word	$0080
000012r 1  80 04        	.word	$0480
000014r 1  80 08        	.word	$0880
000016r 1  80 0C        	.word	$0C80
000018r 1  80 10        	.word	$1080
00001Ar 1  80 14        	.word	$1480
00001Cr 1  80 18        	.word	$1880
00001Er 1  80 1C        	.word	$1C80
000020r 1  00 01        	.word	$0100
000022r 1  00 05        	.word	$0500
000024r 1  00 09        	.word	$0900
000026r 1  00 0D        	.word	$0D00
000028r 1  00 11        	.word	$1100
00002Ar 1  00 15        	.word	$1500
00002Cr 1  00 19        	.word	$1900
00002Er 1  00 1D        	.word	$1D00
000030r 1  80 01        	.word	$0180
000032r 1  80 05        	.word	$0580
000034r 1  80 09        	.word	$0980
000036r 1  80 0D        	.word	$0D80
000038r 1  80 11        	.word	$1180
00003Ar 1  80 15        	.word	$1580
00003Cr 1  80 19        	.word	$1980
00003Er 1  80 1D        	.word	$1D80
000040r 1  00 02        	.word	$0200
000042r 1  00 06        	.word	$0600
000044r 1  00 0A        	.word	$0A00
000046r 1  00 0E        	.word	$0E00
000048r 1  00 12        	.word	$1200
00004Ar 1  00 16        	.word	$1600
00004Cr 1  00 1A        	.word	$1A00
00004Er 1  00 1E        	.word	$1E00
000050r 1  80 02        	.word	$0280
000052r 1  80 06        	.word	$0680
000054r 1  80 0A        	.word	$0A80
000056r 1  80 0E        	.word	$0E80
000058r 1  80 12        	.word	$1280
00005Ar 1  80 16        	.word	$1680
00005Cr 1  80 1A        	.word	$1A80
00005Er 1  80 1E        	.word	$1E80
000060r 1  00 03        	.word	$0300
000062r 1  00 07        	.word	$0700
000064r 1  00 0B        	.word	$0B00
000066r 1  00 0F        	.word	$0F00
000068r 1  00 13        	.word	$1300
00006Ar 1  00 17        	.word	$1700
00006Cr 1  00 1B        	.word	$1B00
00006Er 1  00 1F        	.word	$1F00
000070r 1  80 03        	.word	$0380
000072r 1  80 07        	.word	$0780
000074r 1  80 0B        	.word	$0B80
000076r 1  80 0F        	.word	$0F80
000078r 1  80 13        	.word	$1380
00007Ar 1  80 17        	.word	$1780
00007Cr 1  80 1B        	.word	$1B80
00007Er 1  80 1F        	.word	$1F80
000080r 1  28 00        	.word	$0028
000082r 1  28 04        	.word	$0428
000084r 1  28 08        	.word	$0828
000086r 1  28 0C        	.word	$0C28
000088r 1  28 10        	.word	$1028
00008Ar 1  28 14        	.word	$1428
00008Cr 1  28 18        	.word	$1828
00008Er 1  28 1C        	.word	$1C28
000090r 1  A8 00        	.word	$00A8
000092r 1  A8 04        	.word	$04A8
000094r 1  A8 08        	.word	$08A8
000096r 1  A8 0C        	.word	$0CA8
000098r 1  A8 10        	.word	$10A8
00009Ar 1  A8 14        	.word	$14A8
00009Cr 1  A8 18        	.word	$18A8
00009Er 1  A8 1C        	.word	$1CA8
0000A0r 1  28 01        	.word	$0128
0000A2r 1  28 05        	.word	$0528
0000A4r 1  28 09        	.word	$0928
0000A6r 1  28 0D        	.word	$0D28
0000A8r 1  28 11        	.word	$1128
0000AAr 1  28 15        	.word	$1528
0000ACr 1  28 19        	.word	$1928
0000AEr 1  28 1D        	.word	$1D28
0000B0r 1  A8 01        	.word	$01A8
0000B2r 1  A8 05        	.word	$05A8
0000B4r 1  A8 09        	.word	$09A8
0000B6r 1  A8 0D        	.word	$0DA8
0000B8r 1  A8 11        	.word	$11A8
0000BAr 1  A8 15        	.word	$15A8
0000BCr 1  A8 19        	.word	$19A8
0000BEr 1  A8 1D        	.word	$1DA8
0000C0r 1  28 02        	.word	$0228
0000C2r 1  28 06        	.word	$0628
0000C4r 1  28 0A        	.word	$0A28
0000C6r 1  28 0E        	.word	$0E28
0000C8r 1  28 12        	.word	$1228
0000CAr 1  28 16        	.word	$1628
0000CCr 1  28 1A        	.word	$1A28
0000CEr 1  28 1E        	.word	$1E28
0000D0r 1  A8 02        	.word	$02A8
0000D2r 1  A8 06        	.word	$06A8
0000D4r 1  A8 0A        	.word	$0AA8
0000D6r 1  A8 0E        	.word	$0EA8
0000D8r 1  A8 12        	.word	$12A8
0000DAr 1  A8 16        	.word	$16A8
0000DCr 1  A8 1A        	.word	$1AA8
0000DEr 1  A8 1E        	.word	$1EA8
0000E0r 1  28 03        	.word	$0328
0000E2r 1  28 07        	.word	$0728
0000E4r 1  28 0B        	.word	$0B28
0000E6r 1  28 0F        	.word	$0F28
0000E8r 1  28 13        	.word	$1328
0000EAr 1  28 17        	.word	$1728
0000ECr 1  28 1B        	.word	$1B28
0000EEr 1  28 1F        	.word	$1F28
0000F0r 1  A8 03        	.word	$03A8
0000F2r 1  A8 07        	.word	$07A8
0000F4r 1  A8 0B        	.word	$0BA8
0000F6r 1  A8 0F        	.word	$0FA8
0000F8r 1  A8 13        	.word	$13A8
0000FAr 1  A8 17        	.word	$17A8
0000FCr 1  A8 1B        	.word	$1BA8
0000FEr 1  A8 1F        	.word	$1FA8
000100r 1  50 00        	.word	$0050
000102r 1  50 04        	.word	$0450
000104r 1  50 08        	.word	$0850
000106r 1  50 0C        	.word	$0C50
000108r 1  50 10        	.word	$1050
00010Ar 1  50 14        	.word	$1450
00010Cr 1  50 18        	.word	$1850
00010Er 1  50 1C        	.word	$1C50
000110r 1  D0 00        	.word	$00D0
000112r 1  D0 04        	.word	$04D0
000114r 1  D0 08        	.word	$08D0
000116r 1  D0 0C        	.word	$0CD0
000118r 1  D0 10        	.word	$10D0
00011Ar 1  D0 14        	.word	$14D0
00011Cr 1  D0 18        	.word	$18D0
00011Er 1  D0 1C        	.word	$1CD0
000120r 1  50 01        	.word	$0150
000122r 1  50 05        	.word	$0550
000124r 1  50 09        	.word	$0950
000126r 1  50 0D        	.word	$0D50
000128r 1  50 11        	.word	$1150
00012Ar 1  50 15        	.word	$1550
00012Cr 1  50 19        	.word	$1950
00012Er 1  50 1D        	.word	$1D50
000130r 1  D0 01        	.word	$01D0
000132r 1  D0 05        	.word	$05D0
000134r 1  D0 09        	.word	$09D0
000136r 1  D0 0D        	.word	$0DD0
000138r 1  D0 11        	.word	$11D0
00013Ar 1  D0 15        	.word	$15D0
00013Cr 1  D0 19        	.word	$19D0
00013Er 1  D0 1D        	.word	$1DD0
000140r 1  50 02        	.word	$0250
000142r 1  50 06        	.word	$0650
000144r 1  50 0A        	.word	$0A50
000146r 1  50 0E        	.word	$0E50
000148r 1  50 12        	.word	$1250
00014Ar 1  50 16        	.word	$1650
00014Cr 1  50 1A        	.word	$1A50
00014Er 1  50 1E        	.word	$1E50
000150r 1  D0 02        	.word	$02D0
000152r 1  D0 06        	.word	$06D0
000154r 1  D0 0A        	.word	$0AD0
000156r 1  D0 0E        	.word	$0ED0
000158r 1  D0 12        	.word	$12D0
00015Ar 1  D0 16        	.word	$16D0
00015Cr 1  D0 1A        	.word	$1AD0
00015Er 1  D0 1E        	.word	$1ED0
000160r 1  50 03        	.word	$0350
000162r 1  50 07        	.word	$0750
000164r 1  50 0B        	.word	$0B50
000166r 1  50 0F        	.word	$0F50
000168r 1  50 13        	.word	$1350
00016Ar 1  50 17        	.word	$1750
00016Cr 1  50 1B        	.word	$1B50
00016Er 1  50 1F        	.word	$1F50
000170r 1  D0 03        	.word	$03D0
000172r 1  D0 07        	.word	$07D0
000174r 1  D0 0B        	.word	$0BD0
000176r 1  D0 0F        	.word	$0FD0
000178r 1  D0 13        	.word	$13D0
00017Ar 1  D0 17        	.word	$17D0
00017Cr 1  D0 1B        	.word	$1BD0
00017Er 1  D0 1F        	.word	$1FD0
000180r 1               _DHGR_FILL_BYTES:
000180r 1  00           	.byte	$00
000181r 1  00           	.byte	$00
000182r 1  00           	.byte	$00
000183r 1  00           	.byte	$00
000184r 1  11           	.byte	$11
000185r 1  22           	.byte	$22
000186r 1  44           	.byte	$44
000187r 1  08           	.byte	$08
000188r 1  22           	.byte	$22
000189r 1  44           	.byte	$44
00018Ar 1  08           	.byte	$08
00018Br 1  11           	.byte	$11
00018Cr 1  33           	.byte	$33
00018Dr 1  66           	.byte	$66
00018Er 1  4C           	.byte	$4C
00018Fr 1  19           	.byte	$19
000190r 1  44           	.byte	$44
000191r 1  08           	.byte	$08
000192r 1  11           	.byte	$11
000193r 1  22           	.byte	$22
000194r 1  55           	.byte	$55
000195r 1  2A           	.byte	$2A
000196r 1  55           	.byte	$55
000197r 1  2A           	.byte	$2A
000198r 1  66           	.byte	$66
000199r 1  4C           	.byte	$4C
00019Ar 1  19           	.byte	$19
00019Br 1  33           	.byte	$33
00019Cr 1  77           	.byte	$77
00019Dr 1  6E           	.byte	$6E
00019Er 1  5D           	.byte	$5D
00019Fr 1  3B           	.byte	$3B
0001A0r 1  08           	.byte	$08
0001A1r 1  11           	.byte	$11
0001A2r 1  22           	.byte	$22
0001A3r 1  44           	.byte	$44
0001A4r 1  19           	.byte	$19
0001A5r 1  33           	.byte	$33
0001A6r 1  66           	.byte	$66
0001A7r 1  4C           	.byte	$4C
0001A8r 1  2A           	.byte	$2A
0001A9r 1  55           	.byte	$55
0001AAr 1  2A           	.byte	$2A
0001ABr 1  55           	.byte	$55
0001ACr 1  3B           	.byte	$3B
0001ADr 1  77           	.byte	$77
0001AEr 1  6E           	.byte	$6E
0001AFr 1  5D           	.byte	$5D
0001B0r 1  4C           	.byte	$4C
0001B1r 1  19           	.byte	$19
0001B2r 1  33           	.byte	$33
0001B3r 1  66           	.byte	$66
0001B4r 1  5D           	.byte	$5D
0001B5r 1  3B           	.byte	$3B
0001B6r 1  77           	.byte	$77
0001B7r 1  6E           	.byte	$6E
0001B8r 1  6E           	.byte	$6E
0001B9r 1  5D           	.byte	$5D
0001BAr 1  3B           	.byte	$3B
0001BBr 1  77           	.byte	$77
0001BCr 1  7F           	.byte	$7F
0001BDr 1  7F           	.byte	$7F
0001BEr 1  7F           	.byte	$7F
0001BFr 1  7F           	.byte	$7F
0001C0r 1               _DHGR_OFFSET_X:
0001C0r 1  00           	.byte	$00
0001C1r 1  00           	.byte	$00
0001C2r 1  00           	.byte	$00
0001C3r 1  00           	.byte	$00
0001C4r 1  00           	.byte	$00
0001C5r 1  00           	.byte	$00
0001C6r 1  00           	.byte	$00
0001C7r 1  02           	.byte	$02
0001C8r 1  02           	.byte	$02
0001C9r 1  02           	.byte	$02
0001CAr 1  02           	.byte	$02
0001CBr 1  02           	.byte	$02
0001CCr 1  02           	.byte	$02
0001CDr 1  02           	.byte	$02
0001CEr 1  04           	.byte	$04
0001CFr 1  04           	.byte	$04
0001D0r 1  04           	.byte	$04
0001D1r 1  04           	.byte	$04
0001D2r 1  04           	.byte	$04
0001D3r 1  04           	.byte	$04
0001D4r 1  04           	.byte	$04
0001D5r 1  06           	.byte	$06
0001D6r 1  06           	.byte	$06
0001D7r 1  06           	.byte	$06
0001D8r 1  06           	.byte	$06
0001D9r 1  06           	.byte	$06
0001DAr 1  06           	.byte	$06
0001DBr 1  06           	.byte	$06
0001DCr 1  08           	.byte	$08
0001DDr 1  08           	.byte	$08
0001DEr 1  08           	.byte	$08
0001DFr 1  08           	.byte	$08
0001E0r 1  08           	.byte	$08
0001E1r 1  08           	.byte	$08
0001E2r 1  08           	.byte	$08
0001E3r 1  0A           	.byte	$0A
0001E4r 1  0A           	.byte	$0A
0001E5r 1  0A           	.byte	$0A
0001E6r 1  0A           	.byte	$0A
0001E7r 1  0A           	.byte	$0A
0001E8r 1  0A           	.byte	$0A
0001E9r 1  0A           	.byte	$0A
0001EAr 1  0C           	.byte	$0C
0001EBr 1  0C           	.byte	$0C
0001ECr 1  0C           	.byte	$0C
0001EDr 1  0C           	.byte	$0C
0001EEr 1  0C           	.byte	$0C
0001EFr 1  0C           	.byte	$0C
0001F0r 1  0C           	.byte	$0C
0001F1r 1  0E           	.byte	$0E
0001F2r 1  0E           	.byte	$0E
0001F3r 1  0E           	.byte	$0E
0001F4r 1  0E           	.byte	$0E
0001F5r 1  0E           	.byte	$0E
0001F6r 1  0E           	.byte	$0E
0001F7r 1  0E           	.byte	$0E
0001F8r 1  10           	.byte	$10
0001F9r 1  10           	.byte	$10
0001FAr 1  10           	.byte	$10
0001FBr 1  10           	.byte	$10
0001FCr 1  10           	.byte	$10
0001FDr 1  10           	.byte	$10
0001FEr 1  10           	.byte	$10
0001FFr 1  12           	.byte	$12
000200r 1  12           	.byte	$12
000201r 1  12           	.byte	$12
000202r 1  12           	.byte	$12
000203r 1  12           	.byte	$12
000204r 1  12           	.byte	$12
000205r 1  12           	.byte	$12
000206r 1  14           	.byte	$14
000207r 1  14           	.byte	$14
000208r 1  14           	.byte	$14
000209r 1  14           	.byte	$14
00020Ar 1  14           	.byte	$14
00020Br 1  14           	.byte	$14
00020Cr 1  14           	.byte	$14
00020Dr 1  16           	.byte	$16
00020Er 1  16           	.byte	$16
00020Fr 1  16           	.byte	$16
000210r 1  16           	.byte	$16
000211r 1  16           	.byte	$16
000212r 1  16           	.byte	$16
000213r 1  16           	.byte	$16
000214r 1  18           	.byte	$18
000215r 1  18           	.byte	$18
000216r 1  18           	.byte	$18
000217r 1  18           	.byte	$18
000218r 1  18           	.byte	$18
000219r 1  18           	.byte	$18
00021Ar 1  18           	.byte	$18
00021Br 1  1A           	.byte	$1A
00021Cr 1  1A           	.byte	$1A
00021Dr 1  1A           	.byte	$1A
00021Er 1  1A           	.byte	$1A
00021Fr 1  1A           	.byte	$1A
000220r 1  1A           	.byte	$1A
000221r 1  1A           	.byte	$1A
000222r 1  1C           	.byte	$1C
000223r 1  1C           	.byte	$1C
000224r 1  1C           	.byte	$1C
000225r 1  1C           	.byte	$1C
000226r 1  1C           	.byte	$1C
000227r 1  1C           	.byte	$1C
000228r 1  1C           	.byte	$1C
000229r 1  1E           	.byte	$1E
00022Ar 1  1E           	.byte	$1E
00022Br 1  1E           	.byte	$1E
00022Cr 1  1E           	.byte	$1E
00022Dr 1  1E           	.byte	$1E
00022Er 1  1E           	.byte	$1E
00022Fr 1  1E           	.byte	$1E
000230r 1  20           	.byte	$20
000231r 1  20           	.byte	$20
000232r 1  20           	.byte	$20
000233r 1  20           	.byte	$20
000234r 1  20           	.byte	$20
000235r 1  20           	.byte	$20
000236r 1  20           	.byte	$20
000237r 1  22           	.byte	$22
000238r 1  22           	.byte	$22
000239r 1  22           	.byte	$22
00023Ar 1  22           	.byte	$22
00023Br 1  22           	.byte	$22
00023Cr 1  22           	.byte	$22
00023Dr 1  22           	.byte	$22
00023Er 1  24           	.byte	$24
00023Fr 1  24           	.byte	$24
000240r 1  24           	.byte	$24
000241r 1  24           	.byte	$24
000242r 1  24           	.byte	$24
000243r 1  24           	.byte	$24
000244r 1  24           	.byte	$24
000245r 1  26           	.byte	$26
000246r 1  26           	.byte	$26
000247r 1  26           	.byte	$26
000248r 1  26           	.byte	$26
000249r 1  26           	.byte	$26
00024Ar 1  26           	.byte	$26
00024Br 1  26           	.byte	$26
00024Cr 1               _cho_kind_by_jung:
00024Cr 1  00           	.byte	$00
00024Dr 1  00           	.byte	$00
00024Er 1  00           	.byte	$00
00024Fr 1  00           	.byte	$00
000250r 1  00           	.byte	$00
000251r 1  00           	.byte	$00
000252r 1  00           	.byte	$00
000253r 1  00           	.byte	$00
000254r 1  01           	.byte	$01
000255r 1  02           	.byte	$02
000256r 1  02           	.byte	$02
000257r 1  02           	.byte	$02
000258r 1  01           	.byte	$01
000259r 1  01           	.byte	$01
00025Ar 1  02           	.byte	$02
00025Br 1  02           	.byte	$02
00025Cr 1  02           	.byte	$02
00025Dr 1  01           	.byte	$01
00025Er 1  01           	.byte	$01
00025Fr 1  02           	.byte	$02
000260r 1  00           	.byte	$00
000261r 1  00 00 00 00  	.res	7,$00
000265r 1  00 00 00     
000268r 1               S0080:
000268r 1  48 65 6C 6C  	.byte	$48,$65,$6C,$6C,$6F,$2C,$57,$6F,$72,$6C,$64,$21,$20,$41,$42,$43
00026Cr 1  6F 2C 57 6F  
000270r 1  72 6C 64 21  
000278r 1  44 45 46 47  	.byte	$44,$45,$46,$47,$48,$49,$4A,$4B,$4C,$4D,$4E,$4F,$50,$51,$52,$53
00027Cr 1  48 49 4A 4B  
000280r 1  4C 4D 4E 4F  
000288r 1  54 55 56 45  	.byte	$54,$55,$56,$45,$58,$59,$5A,$20,$61,$62,$63,$64,$65,$66,$67,$68
00028Cr 1  58 59 5A 20  
000290r 1  61 62 63 64  
000298r 1  69 6A 6B 6C  	.byte	$69,$6A,$6B,$6C,$6D,$6E,$6F,$70,$71,$72,$73,$74,$75,$76,$77,$78
00029Cr 1  6D 6E 6F 70  
0002A0r 1  71 72 73 74  
0002A8r 1  79 7A 20 31  	.byte	$79,$7A,$20,$31,$32,$33,$34,$35,$36,$37,$38,$39,$30,$20,$21,$40
0002ACr 1  32 33 34 35  
0002B0r 1  36 37 38 39  
0002B8r 1  23 24 25 5E  	.byte	$23,$24,$25,$5E,$26,$2A,$28,$29,$2D,$3D,$5F,$2B,$5B,$5D,$7B,$7D
0002BCr 1  26 2A 28 29  
0002C0r 1  2D 3D 5F 2B  
0002C8r 1  3B 3A 3C 3E  	.byte	$3B,$3A,$3C,$3E,$2C,$2E,$2F,$3F,$20,$ED,$95,$9C,$EA,$B8,$80,$EC
0002CCr 1  2C 2E 2F 3F  
0002D0r 1  20 ED 95 9C  
0002D8r 1  9D 80 20 EC  	.byte	$9D,$80,$20,$EC,$95,$84,$EB,$A6,$84,$EB,$8B,$B5,$EB,$8B,$A4,$20
0002DCr 1  95 84 EB A6  
0002E0r 1  84 EB 8B B5  
0002E8r 1  EA B7 B8 EB  	.byte	$EA,$B7,$B8,$EB,$9F,$AC,$EB,$82,$98,$20,$EA,$B3,$A8,$EC,$B9,$98
0002ECr 1  9F AC EB 82  
0002F0r 1  98 20 EA B3  
0002F8r 1  EC 95 84 ED  	.byte	$EC,$95,$84,$ED,$94,$84,$EB,$8B,$A4,$21,$00
0002FCr 1  94 84 EB 8B  
000300r 1  A4 21 00     
000303r 1               S0094:
000303r 1  50 52 45 53  	.byte	$50,$52,$45,$53,$53,$20,$41,$4E,$59,$20,$4B,$45,$59,$20,$54,$4F
000307r 1  53 20 41 4E  
00030Br 1  59 20 4B 45  
000313r 1  20 43 4F 4E  	.byte	$20,$43,$4F,$4E,$54,$49,$4E,$55,$45,$2E,$2E,$2E,$00
000317r 1  54 49 4E 55  
00031Br 1  45 2E 2E 2E  
000320r 1               S0091:
000320r 1  46 49 4C 4C  	.byte	$46,$49,$4C,$4C,$52,$45,$43,$54,$20,$54,$45,$53,$54,$00
000324r 1  52 45 43 54  
000328r 1  20 54 45 53  
00032Er 1               S0088:
00032Er 1  36 2E 20 46  	.byte	$36,$2E,$20,$46,$49,$4C,$4C,$52,$45,$43,$54,$00
000332r 1  49 4C 4C 52  
000336r 1  45 43 54 00  
00033Ar 1               S0037:
00033Ar 1  69 6D 61 67  	.byte	$69,$6D,$61,$67,$65,$31,$2E,$64,$68,$67,$72,$00
00033Er 1  65 31 2E 64  
000342r 1  68 67 72 00  
000346r 1               S008F:
000346r 1  56 4C 49 4E  	.byte	$56,$4C,$49,$4E,$45,$20,$54,$45,$53,$54,$00
00034Ar 1  45 20 54 45  
00034Er 1  53 54 00     
000351r 1               S0092:
000351r 1  49 4D 41 47  	.byte	$49,$4D,$41,$47,$45,$20,$54,$45,$53,$54,$00
000355r 1  45 20 54 45  
000359r 1  53 54 00     
00035Cr 1               S008E:
00035Cr 1  48 4C 49 4E  	.byte	$48,$4C,$49,$4E,$45,$20,$54,$45,$53,$54,$00
000360r 1  45 20 54 45  
000364r 1  53 54 00     
000367r 1               S0090	:=	S0091+4
000367r 1               S0093:
000367r 1  54 45 58 54  	.byte	$54,$45,$58,$54,$20,$54,$45,$53,$54,$00
00036Br 1  20 54 45 53  
00036Fr 1  54 00        
000371r 1               S008D:
000371r 1  50 4C 4F 54  	.byte	$50,$4C,$4F,$54,$20,$54,$45,$53,$54,$00
000375r 1  20 54 45 53  
000379r 1  54 00        
00037Br 1               S0082:
00037Br 1  44 48 47 52  	.byte	$44,$48,$47,$52,$20,$54,$45,$53,$54,$00
00037Fr 1  20 54 45 53  
000383r 1  54 00        
000385r 1               S0085:
000385r 1  33 2E 20 48  	.byte	$33,$2E,$20,$48,$4C,$49,$4E,$45,$00
000389r 1  4C 49 4E 45  
00038Dr 1  00           
00038Er 1               S0086:
00038Er 1  34 2E 20 56  	.byte	$34,$2E,$20,$56,$4C,$49,$4E,$45,$00
000392r 1  4C 49 4E 45  
000396r 1  00           
000397r 1               S0089:
000397r 1  37 2E 20 49  	.byte	$37,$2E,$20,$49,$4D,$41,$47,$45,$00
00039Br 1  4D 41 47 45  
00039Fr 1  00           
0003A0r 1               S008C:
0003A0r 1  43 4C 53 20  	.byte	$43,$4C,$53,$20,$54,$45,$53,$54,$00
0003A4r 1  54 45 53 54  
0003A8r 1  00           
0003A9r 1               S008A:
0003A9r 1  38 2E 20 54  	.byte	$38,$2E,$20,$54,$45,$58,$54,$00
0003ADr 1  45 58 54 00  
0003B1r 1               S0003:
0003B1r 1  44 4B 47 52  	.byte	$44,$4B,$47,$52,$45,$45,$4E,$00
0003B5r 1  45 45 4E 00  
0003B9r 1               S0087:
0003B9r 1  35 2E 20 52  	.byte	$35,$2E,$20,$52,$45,$43,$54,$00
0003BDr 1  45 43 54 00  
0003C1r 1               S008B:
0003C1r 1  51 2E 20 51  	.byte	$51,$2E,$20,$51,$55,$49,$54,$00
0003C5r 1  55 49 54 00  
0003C9r 1               S0084:
0003C9r 1  32 2E 20 50  	.byte	$32,$2E,$20,$50,$4C,$4F,$54,$00
0003CDr 1  4C 4F 54 00  
0003D1r 1               S000A:
0003D1r 1  50 55 52 50  	.byte	$50,$55,$52,$50,$4C,$45,$00
0003D5r 1  4C 45 00     
0003D8r 1               S0002:
0003D8r 1  44 4B 42 4C  	.byte	$44,$4B,$42,$4C,$55,$45,$00
0003DCr 1  55 45 00     
0003DFr 1               S000B:
0003DFr 1  44 4B 47 52  	.byte	$44,$4B,$47,$52,$41,$59,$00
0003E3r 1  41 59 00     
0003E6r 1               S000C:
0003E6r 1  4C 54 42 4C  	.byte	$4C,$54,$42,$4C,$55,$45,$00
0003EAr 1  55 45 00     
0003EDr 1               S000F:
0003EDr 1  59 45 4C 4C  	.byte	$59,$45,$4C,$4C,$4F,$57,$00
0003F1r 1  4F 57 00     
0003F4r 1               S0006:
0003F4r 1  4C 54 47 52  	.byte	$4C,$54,$47,$52,$41,$59,$00
0003F8r 1  41 59 00     
0003FBr 1               S0083:
0003FBr 1  31 2E 20 43  	.byte	$31,$2E,$20,$43,$4C,$53,$00
0003FFr 1  4C 53 00     
000402r 1               S000D:
000402r 1  4F 52 41 4E  	.byte	$4F,$52,$41,$4E,$47,$45,$00
000406r 1  47 45 00     
000409r 1               S0060:
000409r 1  EC 97 86 EC  	.byte	$EC,$97,$86,$EC,$9D,$8C,$00
00040Dr 1  9D 8C 00     
000410r 1               S0007	:=	S0003+2
000410r 1               S0005:
000410r 1  42 52 4F 57  	.byte	$42,$52,$4F,$57,$4E,$00
000414r 1  4E 00        
000416r 1               S0010:
000416r 1  57 48 49 54  	.byte	$57,$48,$49,$54,$45,$00
00041Ar 1  45 00        
00041Cr 1               S0001:
00041Cr 1  42 4C 41 43  	.byte	$42,$4C,$41,$43,$4B,$00
000420r 1  4B 00        
000422r 1               S0008:
000422r 1  41 51 55 41  	.byte	$41,$51,$55,$41,$00
000426r 1  00           
000427r 1               S000E:
000427r 1  50 49 4E 4B  	.byte	$50,$49,$4E,$4B,$00
00042Br 1  00           
00042Cr 1               S0004	:=	S0002+2
00042Cr 1               S004F:
00042Cr 1  E3 85 93 00  	.byte	$E3,$85,$93,$00
000430r 1               S0050:
000430r 1  E3 85 94 00  	.byte	$E3,$85,$94,$00
000434r 1               S0051:
000434r 1  E3 85 95 00  	.byte	$E3,$85,$95,$00
000438r 1               S0052:
000438r 1  E3 85 96 00  	.byte	$E3,$85,$96,$00
00043Cr 1               S0053:
00043Cr 1  E3 85 97 00  	.byte	$E3,$85,$97,$00
000440r 1               S0054:
000440r 1  E3 85 98 00  	.byte	$E3,$85,$98,$00
000444r 1               S0055:
000444r 1  E3 85 99 00  	.byte	$E3,$85,$99,$00
000448r 1               S0056:
000448r 1  E3 85 9A 00  	.byte	$E3,$85,$9A,$00
00044Cr 1               S0057:
00044Cr 1  E3 85 9B 00  	.byte	$E3,$85,$9B,$00
000450r 1               S0058:
000450r 1  E3 85 9C 00  	.byte	$E3,$85,$9C,$00
000454r 1               S0059:
000454r 1  E3 85 9D 00  	.byte	$E3,$85,$9D,$00
000458r 1               S005A:
000458r 1  E3 85 9E 00  	.byte	$E3,$85,$9E,$00
00045Cr 1               S005B:
00045Cr 1  E3 85 9F 00  	.byte	$E3,$85,$9F,$00
000460r 1               S005C:
000460r 1  E3 85 A0 00  	.byte	$E3,$85,$A0,$00
000464r 1               S005D:
000464r 1  E3 85 A1 00  	.byte	$E3,$85,$A1,$00
000468r 1               S005E:
000468r 1  E3 85 A2 00  	.byte	$E3,$85,$A2,$00
00046Cr 1               S005F:
00046Cr 1  E3 85 A3 00  	.byte	$E3,$85,$A3,$00
000470r 1               S004A:
000470r 1  E3 85 8E 00  	.byte	$E3,$85,$8E,$00
000474r 1               S0061:
000474r 1  E3 84 B1 00  	.byte	$E3,$84,$B1,$00
000478r 1               S0062:
000478r 1  E3 84 B2 00  	.byte	$E3,$84,$B2,$00
00047Cr 1               S0063:
00047Cr 1  E3 84 B3 00  	.byte	$E3,$84,$B3,$00
000480r 1               S0064:
000480r 1  E3 84 B4 00  	.byte	$E3,$84,$B4,$00
000484r 1               S0065:
000484r 1  E3 84 B5 00  	.byte	$E3,$84,$B5,$00
000488r 1               S0066:
000488r 1  E3 84 B6 00  	.byte	$E3,$84,$B6,$00
00048Cr 1               S0067:
00048Cr 1  E3 84 B7 00  	.byte	$E3,$84,$B7,$00
000490r 1               S0068:
000490r 1  E3 84 B9 00  	.byte	$E3,$84,$B9,$00
000494r 1               S0069:
000494r 1  E3 84 BA 00  	.byte	$E3,$84,$BA,$00
000498r 1               S006A:
000498r 1  E3 84 BB 00  	.byte	$E3,$84,$BB,$00
00049Cr 1               S006B:
00049Cr 1  E3 84 BC 00  	.byte	$E3,$84,$BC,$00
0004A0r 1               S006C:
0004A0r 1  E3 84 BD 00  	.byte	$E3,$84,$BD,$00
0004A4r 1               S006D:
0004A4r 1  E3 84 BE 00  	.byte	$E3,$84,$BE,$00
0004A8r 1               S006E:
0004A8r 1  E3 84 BF 00  	.byte	$E3,$84,$BF,$00
0004ACr 1               S006F:
0004ACr 1  E3 85 80 00  	.byte	$E3,$85,$80,$00
0004B0r 1               S0070:
0004B0r 1  E3 85 81 00  	.byte	$E3,$85,$81,$00
0004B4r 1               S0071:
0004B4r 1  E3 85 82 00  	.byte	$E3,$85,$82,$00
0004B8r 1               S0072:
0004B8r 1  E3 85 84 00  	.byte	$E3,$85,$84,$00
0004BCr 1               S0073:
0004BCr 1  E3 85 85 00  	.byte	$E3,$85,$85,$00
0004C0r 1               S0074:
0004C0r 1  E3 85 86 00  	.byte	$E3,$85,$86,$00
0004C4r 1               S0075:
0004C4r 1  E3 85 87 00  	.byte	$E3,$85,$87,$00
0004C8r 1               S0076:
0004C8r 1  E3 85 88 00  	.byte	$E3,$85,$88,$00
0004CCr 1               S0077:
0004CCr 1  E3 85 8A 00  	.byte	$E3,$85,$8A,$00
0004D0r 1               S0078:
0004D0r 1  E3 85 8B 00  	.byte	$E3,$85,$8B,$00
0004D4r 1               S0079:
0004D4r 1  E3 85 8C 00  	.byte	$E3,$85,$8C,$00
0004D8r 1               S007A:
0004D8r 1  E3 85 8D 00  	.byte	$E3,$85,$8D,$00
0004DCr 1               S007B	:=	S004A+0
0004DCr 1               S0049	:=	S007A+0
0004DCr 1               S0048	:=	S0079+0
0004DCr 1               S0047	:=	S0078+0
0004DCr 1               S0046	:=	S0077+0
0004DCr 1               S0045:
0004DCr 1  E3 85 89 00  	.byte	$E3,$85,$89,$00
0004E0r 1               S0044	:=	S0076+0
0004E0r 1               S0043	:=	S0075+0
0004E0r 1               S0042	:=	S0074+0
0004E0r 1               S0041	:=	S0073+0
0004E0r 1               S0040:
0004E0r 1  E3 85 83 00  	.byte	$E3,$85,$83,$00
0004E4r 1               S003F	:=	S0071+0
0004E4r 1               S003E	:=	S0070+0
0004E4r 1               S003D	:=	S0068+0
0004E4r 1               S003C:
0004E4r 1  E3 84 B8 00  	.byte	$E3,$84,$B8,$00
0004E8r 1               S003B	:=	S0067+0
0004E8r 1               S003A	:=	S0064+0
0004E8r 1               S0039	:=	S0062+0
0004E8r 1               S0038	:=	S0061+0
0004E8r 1               S004D:
0004E8r 1  E3 85 91 00  	.byte	$E3,$85,$91,$00
0004ECr 1               S0009:
0004ECr 1  52 45 44 00  	.byte	$52,$45,$44,$00
0004F0r 1               S004C:
0004F0r 1  E3 85 90 00  	.byte	$E3,$85,$90,$00
0004F4r 1               S004E:
0004F4r 1  E3 85 92 00  	.byte	$E3,$85,$92,$00
0004F8r 1               S004B:
0004F8r 1  E3 85 8F 00  	.byte	$E3,$85,$8F,$00
0004FCr 1               
0004FCr 1               .segment	"BSS"
000000r 1               
000000r 1               _glyph_buf:
000000r 1  00 00 00 00  	.res	15,$00
000004r 1  00 00 00 00  
000008r 1  00 00 00 00  
00000Fr 1               
00000Fr 1               ; ---------------------------------------------------------------
00000Fr 1               ; void __near__ dhgr_init (void)
00000Fr 1               ; ---------------------------------------------------------------
00000Fr 1               
00000Fr 1               .segment	"CODE"
000000r 1               
000000r 1               .proc	_dhgr_init: near
000000r 1               
000000r 1               .segment	"CODE"
000000r 1               
000000r 1  8D 50 C0     	sta     $c050
000003r 1  8D 53 C0     	sta     $c053
000006r 1  8D 54 C0     	sta     $c054
000009r 1  8D 57 C0     	sta     $c057
00000Cr 1  8D 5E C0     	sta     $c05e
00000Fr 1  60           	rts
000010r 1               
000010r 1               .endproc
000010r 1               
000010r 1               ; ---------------------------------------------------------------
000010r 1               ; void __near__ dhgr_exit (void)
000010r 1               ; ---------------------------------------------------------------
000010r 1               
000010r 1               .segment	"CODE"
000010r 1               
000010r 1               .proc	_dhgr_exit: near
000010r 1               
000010r 1               .segment	"CODE"
000010r 1               
000010r 1  8D 51 C0     	sta     $c051
000013r 1  8D 5F C0     	sta     $c05f
000016r 1  8D 54 C0     	sta     $c054
000019r 1  60           	rts
00001Ar 1               
00001Ar 1               .endproc
00001Ar 1               
00001Ar 1               ; ---------------------------------------------------------------
00001Ar 1               ; void __near__ __fastcall__ main2aux (unsigned int src0, unsigned int src1, unsigned int dst0)
00001Ar 1               ; ---------------------------------------------------------------
00001Ar 1               
00001Ar 1               .segment	"CODE"
00001Ar 1               
00001Ar 1               .proc	_main2aux: near
00001Ar 1               
00001Ar 1               .segment	"CODE"
00001Ar 1               
00001Ar 1  20 rr rr     	jsr     pushax
00001Dr 1  A9 3C        	lda     #$3C
00001Fr 1  20 rr rr     	jsr     pusha0
000022r 1  A9 42        	lda     #$42
000024r 1  20 rr rr     	jsr     pusha0
000027r 1  A0 03        	ldy     #$03
000029r 1  B1 rr        	lda     (c_sp),y
00002Br 1  85 rr        	sta     ptr1+1
00002Dr 1  88           	dey
00002Er 1  B1 rr        	lda     (c_sp),y
000030r 1  85 rr        	sta     ptr1
000032r 1  A0 09        	ldy     #$09
000034r 1  B1 rr        	lda     (c_sp),y
000036r 1  AA           	tax
000037r 1  88           	dey
000038r 1  B1 rr        	lda     (c_sp),y
00003Ar 1  92 rr        	sta     (ptr1)
00003Cr 1  A0 01        	ldy     #$01
00003Er 1  8A           	txa
00003Fr 1  91 rr        	sta     (ptr1),y
000041r 1  A0 03        	ldy     #$03
000043r 1  B1 rr        	lda     (c_sp),y
000045r 1  AA           	tax
000046r 1  88           	dey
000047r 1  B1 rr        	lda     (c_sp),y
000049r 1  18           	clc
00004Ar 1  69 02        	adc     #$02
00004Cr 1  90 01        	bcc     L0002
00004Er 1  E8           	inx
00004Fr 1  85 rr        L0002:	sta     ptr1
000051r 1  86 rr        	stx     ptr1+1
000053r 1  A0 07        	ldy     #$07
000055r 1  B1 rr        	lda     (c_sp),y
000057r 1  AA           	tax
000058r 1  88           	dey
000059r 1  B1 rr        	lda     (c_sp),y
00005Br 1  92 rr        	sta     (ptr1)
00005Dr 1  A0 01        	ldy     #$01
00005Fr 1  8A           	txa
000060r 1  91 rr        	sta     (ptr1),y
000062r 1  20 rr rr     	jsr     pushw0sp
000065r 1  A0 07        	ldy     #$07
000067r 1  B1 rr        	lda     (c_sp),y
000069r 1  AA           	tax
00006Ar 1  88           	dey
00006Br 1  B1 rr        	lda     (c_sp),y
00006Dr 1  A0 00        	ldy     #$00
00006Fr 1  20 rr rr     	jsr     staxspidx
000072r 1  38           	sec
000073r 1  20 11 C3     	jsr     $c311
000076r 1  A0 0A        	ldy     #$0A
000078r 1  4C rr rr     	jmp     addysp
00007Br 1               
00007Br 1               .endproc
00007Br 1               
00007Br 1               ; ---------------------------------------------------------------
00007Br 1               ; void __near__ __fastcall__ aux2main (unsigned int src0, unsigned int src1, unsigned int dst0)
00007Br 1               ; ---------------------------------------------------------------
00007Br 1               
00007Br 1               .segment	"CODE"
00007Br 1               
00007Br 1               .proc	_aux2main: near
00007Br 1               
00007Br 1               .segment	"CODE"
00007Br 1               
00007Br 1  20 rr rr     	jsr     pushax
00007Er 1  A9 3C        	lda     #$3C
000080r 1  20 rr rr     	jsr     pusha0
000083r 1  A9 42        	lda     #$42
000085r 1  20 rr rr     	jsr     pusha0
000088r 1  A0 03        	ldy     #$03
00008Ar 1  B1 rr        	lda     (c_sp),y
00008Cr 1  85 rr        	sta     ptr1+1
00008Er 1  88           	dey
00008Fr 1  B1 rr        	lda     (c_sp),y
000091r 1  85 rr        	sta     ptr1
000093r 1  A0 09        	ldy     #$09
000095r 1  B1 rr        	lda     (c_sp),y
000097r 1  AA           	tax
000098r 1  88           	dey
000099r 1  B1 rr        	lda     (c_sp),y
00009Br 1  92 rr        	sta     (ptr1)
00009Dr 1  A0 01        	ldy     #$01
00009Fr 1  8A           	txa
0000A0r 1  91 rr        	sta     (ptr1),y
0000A2r 1  A0 03        	ldy     #$03
0000A4r 1  B1 rr        	lda     (c_sp),y
0000A6r 1  AA           	tax
0000A7r 1  88           	dey
0000A8r 1  B1 rr        	lda     (c_sp),y
0000AAr 1  18           	clc
0000ABr 1  69 02        	adc     #$02
0000ADr 1  90 01        	bcc     L0002
0000AFr 1  E8           	inx
0000B0r 1  85 rr        L0002:	sta     ptr1
0000B2r 1  86 rr        	stx     ptr1+1
0000B4r 1  A0 07        	ldy     #$07
0000B6r 1  B1 rr        	lda     (c_sp),y
0000B8r 1  AA           	tax
0000B9r 1  88           	dey
0000BAr 1  B1 rr        	lda     (c_sp),y
0000BCr 1  92 rr        	sta     (ptr1)
0000BEr 1  A0 01        	ldy     #$01
0000C0r 1  8A           	txa
0000C1r 1  91 rr        	sta     (ptr1),y
0000C3r 1  20 rr rr     	jsr     pushw0sp
0000C6r 1  A0 07        	ldy     #$07
0000C8r 1  B1 rr        	lda     (c_sp),y
0000CAr 1  AA           	tax
0000CBr 1  88           	dey
0000CCr 1  B1 rr        	lda     (c_sp),y
0000CEr 1  A0 00        	ldy     #$00
0000D0r 1  20 rr rr     	jsr     staxspidx
0000D3r 1  18           	clc
0000D4r 1  20 11 C3     	jsr     $c311
0000D7r 1  A0 0A        	ldy     #$0A
0000D9r 1  4C rr rr     	jmp     addysp
0000DCr 1               
0000DCr 1               .endproc
0000DCr 1               
0000DCr 1               ; ---------------------------------------------------------------
0000DCr 1               ; void __near__ __fastcall__ memset2 (unsigned char *dst, unsigned char hi, unsigned char lo, unsigned int count)
0000DCr 1               ; ---------------------------------------------------------------
0000DCr 1               
0000DCr 1               .segment	"CODE"
0000DCr 1               
0000DCr 1               .proc	_memset2: near
0000DCr 1               
0000DCr 1               .segment	"CODE"
0000DCr 1               
0000DCr 1  20 rr rr     	jsr     pushax
0000DFr 1  80 32        	bra     L0004
0000E1r 1  A0 05        L0002:	ldy     #$05
0000E3r 1  B1 rr        	lda     (c_sp),y
0000E5r 1  85 rr        	sta     ptr1+1
0000E7r 1  88           	dey
0000E8r 1  B1 rr        	lda     (c_sp),y
0000EAr 1  85 rr        	sta     ptr1
0000ECr 1  88           	dey
0000EDr 1  B1 rr        	lda     (c_sp),y
0000EFr 1  92 rr        	sta     (ptr1)
0000F1r 1  C8           	iny
0000F2r 1  A2 00        	ldx     #$00
0000F4r 1  A9 01        	lda     #$01
0000F6r 1  20 rr rr     	jsr     addeqysp
0000F9r 1  A0 05        	ldy     #$05
0000FBr 1  B1 rr        	lda     (c_sp),y
0000FDr 1  85 rr        	sta     ptr1+1
0000FFr 1  88           	dey
000100r 1  B1 rr        	lda     (c_sp),y
000102r 1  85 rr        	sta     ptr1
000104r 1  A0 02        	ldy     #$02
000106r 1  B1 rr        	lda     (c_sp),y
000108r 1  92 rr        	sta     (ptr1)
00010Ar 1  A0 04        	ldy     #$04
00010Cr 1  A2 00        	ldx     #$00
00010Er 1  A9 01        	lda     #$01
000110r 1  20 rr rr     	jsr     addeqysp
000113r 1  A2 00        L0004:	ldx     #$00
000115r 1  A9 01        	lda     #$01
000117r 1  20 rr rr     	jsr     subeq0sp
00011Ar 1  86 rr        	stx     tmp1
00011Cr 1  05 rr        	ora     tmp1
00011Er 1  D0 C1        	bne     L0002
000120r 1  4C rr rr     	jmp     incsp6
000123r 1               
000123r 1               .endproc
000123r 1               
000123r 1               ; ---------------------------------------------------------------
000123r 1               ; void __near__ cls (unsigned char color)
000123r 1               ; ---------------------------------------------------------------
000123r 1               
000123r 1               .segment	"CODE"
000123r 1               
000123r 1               .proc	_cls: near
000123r 1               
000123r 1               .segment	"CODE"
000123r 1               
000123r 1  20 rr rr     	jsr     pusha
000126r 1  A5 rr        	lda     regbank+4
000128r 1  A6 rr        	ldx     regbank+5
00012Ar 1  20 rr rr     	jsr     pushax
00012Dr 1  A5 rr        	lda     regbank+3
00012Fr 1  20 rr rr     	jsr     pusha
000132r 1  A5 rr        	lda     regbank+2
000134r 1  20 rr rr     	jsr     pusha
000137r 1  A5 rr        	lda     regbank+1
000139r 1  20 rr rr     	jsr     pusha
00013Cr 1  A5 rr        	lda     regbank+0
00013Er 1  20 rr rr     	jsr     pusha
000141r 1  20 rr rr     	jsr     decsp2
000144r 1  A0 08        	ldy     #$08
000146r 1  A2 00        	ldx     #$00
000148r 1  B1 rr        	lda     (c_sp),y
00014Ar 1  20 rr rr     	jsr     aslax2
00014Dr 1  85 rr        	sta     ptr1
00014Fr 1  8A           	txa
000150r 1  18           	clc
000151r 1  69 rr        	adc     #>(_DHGR_FILL_BYTES)
000153r 1  85 rr        	sta     ptr1+1
000155r 1  A0 rr        	ldy     #<(_DHGR_FILL_BYTES)
000157r 1  B1 rr        	lda     (ptr1),y
000159r 1  85 rr        	sta     regbank+1
00015Br 1  A0 08        	ldy     #$08
00015Dr 1  A2 00        	ldx     #$00
00015Fr 1  B1 rr        	lda     (c_sp),y
000161r 1  20 rr rr     	jsr     aslax2
000164r 1  18           	clc
000165r 1  69 rr        	adc     #<(_DHGR_FILL_BYTES)
000167r 1  A8           	tay
000168r 1  8A           	txa
000169r 1  69 rr        	adc     #>(_DHGR_FILL_BYTES)
00016Br 1  AA           	tax
00016Cr 1  98           	tya
00016Dr 1  1A           	ina
00016Er 1  D0 01        	bne     L0002
000170r 1  E8           	inx
000171r 1  85 rr        L0002:	sta     ptr1
000173r 1  86 rr        	stx     ptr1+1
000175r 1  B2 rr        	lda     (ptr1)
000177r 1  85 rr        	sta     regbank+0
000179r 1  A0 08        	ldy     #$08
00017Br 1  A2 00        	ldx     #$00
00017Dr 1  B1 rr        	lda     (c_sp),y
00017Fr 1  20 rr rr     	jsr     aslax2
000182r 1  18           	clc
000183r 1  69 rr        	adc     #<(_DHGR_FILL_BYTES)
000185r 1  85 rr        	sta     ptr1
000187r 1  8A           	txa
000188r 1  69 rr        	adc     #>(_DHGR_FILL_BYTES)
00018Ar 1  85 rr        	sta     ptr1+1
00018Cr 1  A0 02        	ldy     #$02
00018Er 1  B1 rr        	lda     (ptr1),y
000190r 1  88           	dey
000191r 1  91 rr        	sta     (c_sp),y
000193r 1  A0 08        	ldy     #$08
000195r 1  A2 00        	ldx     #$00
000197r 1  B1 rr        	lda     (c_sp),y
000199r 1  20 rr rr     	jsr     aslax2
00019Cr 1  18           	clc
00019Dr 1  69 rr        	adc     #<(_DHGR_FILL_BYTES)
00019Fr 1  85 rr        	sta     ptr1
0001A1r 1  8A           	txa
0001A2r 1  69 rr        	adc     #>(_DHGR_FILL_BYTES)
0001A4r 1  85 rr        	sta     ptr1+1
0001A6r 1  A0 03        	ldy     #$03
0001A8r 1  B1 rr        	lda     (ptr1),y
0001AAr 1  92 rr        	sta     (c_sp)
0001ACr 1  64 rr        	stz     regbank+2
0001AEr 1  A2 00        	ldx     #$00
0001B0r 1  A5 rr        L0017:	lda     regbank+2
0001B2r 1  C9 C0        	cmp     #$C0
0001B4r 1  B0 74        	bcs     L0006
0001B6r 1  0A           	asl     a
0001B7r 1  90 02        	bcc     L0016
0001B9r 1  E8           	inx
0001BAr 1  18           	clc
0001BBr 1  69 rr        L0016:	adc     #<(_HGR_OFFSET)
0001BDr 1  85 rr        	sta     ptr1
0001BFr 1  8A           	txa
0001C0r 1  69 rr        	adc     #>(_HGR_OFFSET)
0001C2r 1  85 rr        	sta     ptr1+1
0001C4r 1  A0 01        	ldy     #$01
0001C6r 1  B1 rr        	lda     (ptr1),y
0001C8r 1  AA           	tax
0001C9r 1  B2 rr        	lda     (ptr1)
0001CBr 1  85 rr        	sta     regbank+4
0001CDr 1  8A           	txa
0001CEr 1  18           	clc
0001CFr 1  69 20        	adc     #$20
0001D1r 1  85 rr        	sta     regbank+4+1
0001D3r 1  A9 00        	lda     #$00
0001D5r 1  85 rr        L0015:	sta     regbank+3
0001D7r 1  A2 00        	ldx     #$00
0001D9r 1  A5 rr        	lda     regbank+3
0001DBr 1  C9 28        	cmp     #$28
0001DDr 1  B0 47        	bcs     L0018
0001DFr 1  8D 55 C0     	sta     $c055
0001E2r 1  A4 rr        	ldy     regbank+3
0001E4r 1  A5 rr        	lda     regbank+1
0001E6r 1  91 rr        	sta     (regbank+4),y
0001E8r 1  A5 rr        	lda     regbank+4
0001EAr 1  A6 rr        	ldx     regbank+4+1
0001ECr 1  18           	clc
0001EDr 1  65 rr        	adc     regbank+3
0001EFr 1  90 01        	bcc     L0011
0001F1r 1  E8           	inx
0001F2r 1  1A           L0011:	ina
0001F3r 1  D0 01        	bne     L000D
0001F5r 1  E8           	inx
0001F6r 1  85 rr        L000D:	sta     ptr1
0001F8r 1  86 rr        	stx     ptr1+1
0001FAr 1  A0 01        	ldy     #$01
0001FCr 1  B1 rr        	lda     (c_sp),y
0001FEr 1  92 rr        	sta     (ptr1)
000200r 1  8D 54 C0     	sta     $c054
000203r 1  A4 rr        	ldy     regbank+3
000205r 1  A5 rr        	lda     regbank+0
000207r 1  91 rr        	sta     (regbank+4),y
000209r 1  A5 rr        	lda     regbank+4
00020Br 1  A6 rr        	ldx     regbank+4+1
00020Dr 1  18           	clc
00020Er 1  65 rr        	adc     regbank+3
000210r 1  90 01        	bcc     L0013
000212r 1  E8           	inx
000213r 1  1A           L0013:	ina
000214r 1  D0 01        	bne     L000E
000216r 1  E8           	inx
000217r 1  85 rr        L000E:	sta     ptr1
000219r 1  86 rr        	stx     ptr1+1
00021Br 1  B2 rr        	lda     (c_sp)
00021Dr 1  92 rr        	sta     (ptr1)
00021Fr 1  A9 02        	lda     #$02
000221r 1  18           	clc
000222r 1  65 rr        	adc     regbank+3
000224r 1  80 AF        	bra     L0015
000226r 1  E6 rr        L0018:	inc     regbank+2
000228r 1  80 86        	bra     L0017
00022Ar 1  A0 07        L0006:	ldy     #$07
00022Cr 1  A2 05        	ldx     #$05
00022Er 1  B1 rr        L000F:	lda     (c_sp),y
000230r 1  95 rr        	sta     regbank+0,x
000232r 1  88           	dey
000233r 1  CA           	dex
000234r 1  10 F8        	bpl     L000F
000236r 1  A0 09        	ldy     #$09
000238r 1  4C rr rr     	jmp     addysp
00023Br 1               
00023Br 1               .endproc
00023Br 1               
00023Br 1               ; ---------------------------------------------------------------
00023Br 1               ; void __near__ __fastcall__ plot7 (unsigned char x, unsigned char y, unsigned char color)
00023Br 1               ; ---------------------------------------------------------------
00023Br 1               
00023Br 1               .segment	"CODE"
00023Br 1               
00023Br 1               .proc	_plot7: near
00023Br 1               
00023Br 1               .segment	"CODE"
00023Br 1               
00023Br 1  20 rr rr     	jsr     pusha
00023Er 1  A5 rr        	lda     regbank+4
000240r 1  A6 rr        	ldx     regbank+5
000242r 1  20 rr rr     	jsr     pushax
000245r 1  A0 03        	ldy     #$03
000247r 1  A2 00        	ldx     #$00
000249r 1  B1 rr        	lda     (c_sp),y
00024Br 1  0A           	asl     a
00024Cr 1  90 02        	bcc     L000A
00024Er 1  E8           	inx
00024Fr 1  18           	clc
000250r 1  69 rr        L000A:	adc     #<(_HGR_OFFSET)
000252r 1  85 rr        	sta     ptr1
000254r 1  8A           	txa
000255r 1  69 rr        	adc     #>(_HGR_OFFSET)
000257r 1  85 rr        	sta     ptr1+1
000259r 1  A0 01        	ldy     #$01
00025Br 1  B1 rr        	lda     (ptr1),y
00025Dr 1  AA           	tax
00025Er 1  B2 rr        	lda     (ptr1)
000260r 1  85 rr        	sta     ptr1
000262r 1  8A           	txa
000263r 1  18           	clc
000264r 1  69 20        	adc     #$20
000266r 1  85 rr        	sta     ptr1+1
000268r 1  A0 04        	ldy     #$04
00026Ar 1  B1 rr        	lda     (c_sp),y
00026Cr 1  A8           	tay
00026Dr 1  B9 rr rr     	lda     _DHGR_OFFSET_X,y
000270r 1  18           	clc
000271r 1  65 rr        	adc     ptr1
000273r 1  A6 rr        	ldx     ptr1+1
000275r 1  90 01        	bcc     L0009
000277r 1  E8           	inx
000278r 1  85 rr        L0009:	sta     regbank+4
00027Ar 1  86 rr        	stx     regbank+4+1
00027Cr 1  8D 55 C0     	sta     $c055
00027Fr 1  A2 00        	ldx     #$00
000281r 1  A0 02        	ldy     #$02
000283r 1  B1 rr        	lda     (c_sp),y
000285r 1  20 rr rr     	jsr     aslax2
000288r 1  85 rr        	sta     ptr1
00028Ar 1  8A           	txa
00028Br 1  18           	clc
00028Cr 1  69 rr        	adc     #>(_DHGR_FILL_BYTES)
00028Er 1  85 rr        	sta     ptr1+1
000290r 1  A0 rr        	ldy     #<(_DHGR_FILL_BYTES)
000292r 1  B1 rr        	lda     (ptr1),y
000294r 1  92 rr        	sta     (regbank+4)
000296r 1  A5 rr        	lda     regbank+4
000298r 1  A6 rr        	ldx     regbank+4+1
00029Ar 1  1A           	ina
00029Br 1  D0 01        	bne     L0003
00029Dr 1  E8           	inx
00029Er 1  85 rr        L0003:	sta     sreg
0002A0r 1  86 rr        	stx     sreg+1
0002A2r 1  A2 00        	ldx     #$00
0002A4r 1  A0 02        	ldy     #$02
0002A6r 1  B1 rr        	lda     (c_sp),y
0002A8r 1  20 rr rr     	jsr     aslax2
0002ABr 1  18           	clc
0002ACr 1  69 rr        	adc     #<(_DHGR_FILL_BYTES)
0002AEr 1  85 rr        	sta     ptr1
0002B0r 1  8A           	txa
0002B1r 1  69 rr        	adc     #>(_DHGR_FILL_BYTES)
0002B3r 1  85 rr        	sta     ptr1+1
0002B5r 1  B1 rr        	lda     (ptr1),y
0002B7r 1  92 rr        	sta     (sreg)
0002B9r 1  8D 54 C0     	sta     $c054
0002BCr 1  A2 00        	ldx     #$00
0002BEr 1  A0 02        	ldy     #$02
0002C0r 1  B1 rr        	lda     (c_sp),y
0002C2r 1  20 rr rr     	jsr     aslax2
0002C5r 1  18           	clc
0002C6r 1  69 rr        	adc     #<(_DHGR_FILL_BYTES)
0002C8r 1  A8           	tay
0002C9r 1  8A           	txa
0002CAr 1  69 rr        	adc     #>(_DHGR_FILL_BYTES)
0002CCr 1  AA           	tax
0002CDr 1  98           	tya
0002CEr 1  1A           	ina
0002CFr 1  D0 01        	bne     L0005
0002D1r 1  E8           	inx
0002D2r 1  85 rr        L0005:	sta     ptr1
0002D4r 1  86 rr        	stx     ptr1+1
0002D6r 1  B2 rr        	lda     (ptr1)
0002D8r 1  92 rr        	sta     (regbank+4)
0002DAr 1  A5 rr        	lda     regbank+4
0002DCr 1  A6 rr        	ldx     regbank+4+1
0002DEr 1  1A           	ina
0002DFr 1  D0 01        	bne     L0006
0002E1r 1  E8           	inx
0002E2r 1  85 rr        L0006:	sta     sreg
0002E4r 1  86 rr        	stx     sreg+1
0002E6r 1  A2 00        	ldx     #$00
0002E8r 1  A0 02        	ldy     #$02
0002EAr 1  B1 rr        	lda     (c_sp),y
0002ECr 1  20 rr rr     	jsr     aslax2
0002EFr 1  18           	clc
0002F0r 1  69 rr        	adc     #<(_DHGR_FILL_BYTES)
0002F2r 1  85 rr        	sta     ptr1
0002F4r 1  8A           	txa
0002F5r 1  69 rr        	adc     #>(_DHGR_FILL_BYTES)
0002F7r 1  85 rr        	sta     ptr1+1
0002F9r 1  C8           	iny
0002FAr 1  B1 rr        	lda     (ptr1),y
0002FCr 1  92 rr        	sta     (sreg)
0002FEr 1  B2 rr        	lda     (c_sp)
000300r 1  85 rr        	sta     regbank+4
000302r 1  A0 01        	ldy     #$01
000304r 1  B1 rr        	lda     (c_sp),y
000306r 1  85 rr        	sta     regbank+5
000308r 1  4C rr rr     	jmp     incsp5
00030Br 1               
00030Br 1               .endproc
00030Br 1               
00030Br 1               ; ---------------------------------------------------------------
00030Br 1               ; void __near__ __fastcall__ plot (unsigned char x, unsigned char y, unsigned char color)
00030Br 1               ; ---------------------------------------------------------------
00030Br 1               
00030Br 1               .segment	"CODE"
00030Br 1               
00030Br 1               .proc	_plot: near
00030Br 1               
00030Br 1               .segment	"CODE"
00030Br 1               
00030Br 1  20 rr rr     	jsr     pusha
00030Er 1  A5 rr        	lda     regbank+4
000310r 1  A6 rr        	ldx     regbank+5
000312r 1  20 rr rr     	jsr     pushax
000315r 1  A0 03        	ldy     #$03
000317r 1  A2 00        	ldx     #$00
000319r 1  B1 rr        	lda     (c_sp),y
00031Br 1  0A           	asl     a
00031Cr 1  90 02        	bcc     L0019
00031Er 1  E8           	inx
00031Fr 1  18           	clc
000320r 1  69 rr        L0019:	adc     #<(_HGR_OFFSET)
000322r 1  85 rr        	sta     ptr1
000324r 1  8A           	txa
000325r 1  69 rr        	adc     #>(_HGR_OFFSET)
000327r 1  85 rr        	sta     ptr1+1
000329r 1  A0 01        	ldy     #$01
00032Br 1  B1 rr        	lda     (ptr1),y
00032Dr 1  AA           	tax
00032Er 1  B2 rr        	lda     (ptr1)
000330r 1  85 rr        	sta     ptr1
000332r 1  8A           	txa
000333r 1  18           	clc
000334r 1  69 20        	adc     #$20
000336r 1  85 rr        	sta     ptr1+1
000338r 1  A0 04        	ldy     #$04
00033Ar 1  B1 rr        	lda     (c_sp),y
00033Cr 1  A8           	tay
00033Dr 1  B9 rr rr     	lda     _DHGR_OFFSET_X,y
000340r 1  18           	clc
000341r 1  65 rr        	adc     ptr1
000343r 1  A6 rr        	ldx     ptr1+1
000345r 1  90 01        	bcc     L0017
000347r 1  E8           	inx
000348r 1  85 rr        L0017:	sta     regbank+4
00034Ar 1  86 rr        	stx     regbank+4+1
00034Cr 1  A0 04        	ldy     #$04
00034Er 1  B1 rr        	lda     (c_sp),y
000350r 1  20 rr rr     	jsr     pusha0
000353r 1  A9 07        	lda     #$07
000355r 1  20 rr rr     	jsr     tosumoda0
000358r 1  E0 00        	cpx     #$00
00035Ar 1  F0 03 4C rr  	jne     L001B
00035Er 1  rr           
00035Fr 1  C9 00        	cmp     #$00
000361r 1  F0 24        	beq     L0005
000363r 1  C9 01        	cmp     #$01
000365r 1  F0 39        	beq     L0006
000367r 1  C9 02        	cmp     #$02
000369r 1  F0 68        	beq     L0007
00036Br 1  C9 03        	cmp     #$03
00036Dr 1  F0 7B        	beq     L0008
00036Fr 1  C9 04        	cmp     #$04
000371r 1  D0 03 4C rr  	jeq     L000B
000375r 1  rr           
000376r 1  C9 05        	cmp     #$05
000378r 1  D0 03 4C rr  	jeq     L000E
00037Cr 1  rr           
00037Dr 1  C9 06        	cmp     #$06
00037Fr 1  D0 03 4C rr  	jeq     L0013
000383r 1  rr           
000384r 1  4C rr rr     	jmp     L001B
000387r 1  9C 55 C0     L0005:	stz     $c055
00038Ar 1  B2 rr        	lda     (regbank+4)
00038Cr 1  29 F0        	and     #$F0
00038Er 1  85 rr        	sta     ptr1
000390r 1  A0 02        	ldy     #$02
000392r 1  B1 rr        	lda     (c_sp),y
000394r 1  29 0F        	and     #$0F
000396r 1  05 rr        	ora     ptr1
000398r 1  92 rr        	sta     (regbank+4)
00039Ar 1  8D 54 C0     	sta     $c054
00039Dr 1  4C rr rr     	jmp     L001B
0003A0r 1  8D 55 C0     L0006:	sta     $c055
0003A3r 1  B2 rr        	lda     (regbank+4)
0003A5r 1  29 8F        	and     #$8F
0003A7r 1  85 rr        	sta     ptr1
0003A9r 1  A0 02        	ldy     #$02
0003ABr 1  B1 rr        	lda     (c_sp),y
0003ADr 1  0A           	asl     a
0003AEr 1  0A           	asl     a
0003AFr 1  0A           	asl     a
0003B0r 1  0A           	asl     a
0003B1r 1  29 70        	and     #$70
0003B3r 1  05 rr        	ora     ptr1
0003B5r 1  92 rr        	sta     (regbank+4)
0003B7r 1  8D 54 C0     	sta     $c054
0003BAr 1  A5 rr        	lda     regbank+4
0003BCr 1  A6 rr        	ldx     regbank+4+1
0003BEr 1  20 rr rr     	jsr     pushax
0003C1r 1  B2 rr        	lda     (regbank+4)
0003C3r 1  29 FE        	and     #$FE
0003C5r 1  85 rr        	sta     ptr1
0003C7r 1  A0 04        	ldy     #$04
0003C9r 1  B1 rr        	lda     (c_sp),y
0003CBr 1  4A           	lsr     a
0003CCr 1  4A           	lsr     a
0003CDr 1  4A           	lsr     a
0003CEr 1  29 01        	and     #$01
0003D0r 1  4C rr rr     	jmp     L001C
0003D3r 1  A5 rr        L0007:	lda     regbank+4
0003D5r 1  A6 rr        	ldx     regbank+4+1
0003D7r 1  20 rr rr     	jsr     pushax
0003DAr 1  B2 rr        	lda     (regbank+4)
0003DCr 1  29 E1        	and     #$E1
0003DEr 1  85 rr        	sta     ptr1
0003E0r 1  A0 04        	ldy     #$04
0003E2r 1  B1 rr        	lda     (c_sp),y
0003E4r 1  0A           	asl     a
0003E5r 1  29 1E        	and     #$1E
0003E7r 1  4C rr rr     	jmp     L001C
0003EAr 1  B2 rr        L0008:	lda     (regbank+4)
0003ECr 1  29 9F        	and     #$9F
0003EEr 1  85 rr        	sta     ptr1
0003F0r 1  A0 02        	ldy     #$02
0003F2r 1  B1 rr        	lda     (c_sp),y
0003F4r 1  29 03        	and     #$03
0003F6r 1  20 rr rr     	jsr     aslax4
0003F9r 1  86 rr        	stx     tmp1
0003FBr 1  0A           	asl     a
0003FCr 1  26 rr        	rol     tmp1
0003FEr 1  05 rr        	ora     ptr1
000400r 1  92 rr        	sta     (regbank+4)
000402r 1  8D 55 C0     	sta     $c055
000405r 1  A5 rr        	lda     regbank+4
000407r 1  A6 rr        	ldx     regbank+4+1
000409r 1  1A           	ina
00040Ar 1  D0 01        	bne     L0009
00040Cr 1  E8           	inx
00040Dr 1  85 rr        L0009:	sta     sreg
00040Fr 1  86 rr        	stx     sreg+1
000411r 1  A5 rr        	lda     regbank+4
000413r 1  A6 rr        	ldx     regbank+4+1
000415r 1  1A           	ina
000416r 1  D0 01        	bne     L000A
000418r 1  E8           	inx
000419r 1  85 rr        L000A:	sta     ptr1
00041Br 1  86 rr        	stx     ptr1+1
00041Dr 1  B2 rr        	lda     (ptr1)
00041Fr 1  29 FC        	and     #$FC
000421r 1  85 rr        	sta     ptr1
000423r 1  A0 02        	ldy     #$02
000425r 1  B1 rr        	lda     (c_sp),y
000427r 1  4A           	lsr     a
000428r 1  4A           	lsr     a
000429r 1  29 03        	and     #$03
00042Br 1  05 rr        	ora     ptr1
00042Dr 1  92 rr        	sta     (sreg)
00042Fr 1  8D 54 C0     	sta     $c054
000432r 1  4C rr rr     	jmp     L001B
000435r 1  8D 55 C0     L000B:	sta     $c055
000438r 1  A5 rr        	lda     regbank+4
00043Ar 1  A6 rr        	ldx     regbank+4+1
00043Cr 1  1A           	ina
00043Dr 1  D0 01        	bne     L000C
00043Fr 1  E8           	inx
000440r 1  85 rr        L000C:	sta     sreg
000442r 1  86 rr        	stx     sreg+1
000444r 1  A5 rr        	lda     regbank+4
000446r 1  A6 rr        	ldx     regbank+4+1
000448r 1  1A           	ina
000449r 1  D0 01        	bne     L000D
00044Br 1  E8           	inx
00044Cr 1  85 rr        L000D:	sta     ptr1
00044Er 1  86 rr        	stx     ptr1+1
000450r 1  B2 rr        	lda     (ptr1)
000452r 1  29 C3        	and     #$C3
000454r 1  85 rr        	sta     ptr1
000456r 1  A0 02        	ldy     #$02
000458r 1  B1 rr        	lda     (c_sp),y
00045Ar 1  0A           	asl     a
00045Br 1  0A           	asl     a
00045Cr 1  29 3C        	and     #$3C
00045Er 1  05 rr        	ora     ptr1
000460r 1  92 rr        	sta     (sreg)
000462r 1  8D 54 C0     	sta     $c054
000465r 1  4C rr rr     	jmp     L001B
000468r 1  8D 55 C0     L000E:	sta     $c055
00046Br 1  A5 rr        	lda     regbank+4
00046Dr 1  A6 rr        	ldx     regbank+4+1
00046Fr 1  1A           	ina
000470r 1  D0 01        	bne     L000F
000472r 1  E8           	inx
000473r 1  85 rr        L000F:	sta     sreg
000475r 1  86 rr        	stx     sreg+1
000477r 1  A5 rr        	lda     regbank+4
000479r 1  A6 rr        	ldx     regbank+4+1
00047Br 1  1A           	ina
00047Cr 1  D0 01        	bne     L0010
00047Er 1  E8           	inx
00047Fr 1  85 rr        L0010:	sta     ptr1
000481r 1  86 rr        	stx     ptr1+1
000483r 1  B2 rr        	lda     (ptr1)
000485r 1  29 BF        	and     #$BF
000487r 1  85 rr        	sta     ptr1
000489r 1  A0 02        	ldy     #$02
00048Br 1  B1 rr        	lda     (c_sp),y
00048Dr 1  0A           	asl     a
00048Er 1  0A           	asl     a
00048Fr 1  0A           	asl     a
000490r 1  0A           	asl     a
000491r 1  0A           	asl     a
000492r 1  0A           	asl     a
000493r 1  29 40        	and     #$40
000495r 1  05 rr        	ora     ptr1
000497r 1  92 rr        	sta     (sreg)
000499r 1  8D 54 C0     	sta     $c054
00049Cr 1  A5 rr        	lda     regbank+4
00049Er 1  A6 rr        	ldx     regbank+4+1
0004A0r 1  1A           	ina
0004A1r 1  D0 01        	bne     L0011
0004A3r 1  E8           	inx
0004A4r 1  20 rr rr     L0011:	jsr     pushax
0004A7r 1  A5 rr        	lda     regbank+4
0004A9r 1  A6 rr        	ldx     regbank+4+1
0004ABr 1  1A           	ina
0004ACr 1  D0 01        	bne     L0012
0004AEr 1  E8           	inx
0004AFr 1  85 rr        L0012:	sta     ptr1
0004B1r 1  86 rr        	stx     ptr1+1
0004B3r 1  B2 rr        	lda     (ptr1)
0004B5r 1  29 F8        	and     #$F8
0004B7r 1  85 rr        	sta     ptr1
0004B9r 1  A0 04        	ldy     #$04
0004BBr 1  B1 rr        	lda     (c_sp),y
0004BDr 1  4A           	lsr     a
0004BEr 1  29 07        	and     #$07
0004C0r 1  80 26        	bra     L001C
0004C2r 1  A5 rr        L0013:	lda     regbank+4
0004C4r 1  A6 rr        	ldx     regbank+4+1
0004C6r 1  1A           	ina
0004C7r 1  D0 01        	bne     L0014
0004C9r 1  E8           	inx
0004CAr 1  20 rr rr     L0014:	jsr     pushax
0004CDr 1  A5 rr        	lda     regbank+4
0004CFr 1  A6 rr        	ldx     regbank+4+1
0004D1r 1  1A           	ina
0004D2r 1  D0 01        	bne     L0015
0004D4r 1  E8           	inx
0004D5r 1  85 rr        L0015:	sta     ptr1
0004D7r 1  86 rr        	stx     ptr1+1
0004D9r 1  B2 rr        	lda     (ptr1)
0004DBr 1  29 87        	and     #$87
0004DDr 1  85 rr        	sta     ptr1
0004DFr 1  A0 04        	ldy     #$04
0004E1r 1  B1 rr        	lda     (c_sp),y
0004E3r 1  0A           	asl     a
0004E4r 1  0A           	asl     a
0004E5r 1  0A           	asl     a
0004E6r 1  29 78        	and     #$78
0004E8r 1  05 rr        L001C:	ora     ptr1
0004EAr 1  A0 00        	ldy     #$00
0004ECr 1  20 rr rr     	jsr     staspidx
0004EFr 1  B2 rr        L001B:	lda     (c_sp)
0004F1r 1  85 rr        	sta     regbank+4
0004F3r 1  A0 01        	ldy     #$01
0004F5r 1  B1 rr        	lda     (c_sp),y
0004F7r 1  85 rr        	sta     regbank+5
0004F9r 1  4C rr rr     	jmp     incsp5
0004FCr 1               
0004FCr 1               .endproc
0004FCr 1               
0004FCr 1               ; ---------------------------------------------------------------
0004FCr 1               ; unsigned char __near__ __fastcall__ scrn (unsigned char x, unsigned char y)
0004FCr 1               ; ---------------------------------------------------------------
0004FCr 1               
0004FCr 1               .segment	"CODE"
0004FCr 1               
0004FCr 1               .proc	_scrn: near
0004FCr 1               
0004FCr 1               .segment	"CODE"
0004FCr 1               
0004FCr 1  20 rr rr     	jsr     pusha
0004FFr 1  A5 rr        	lda     regbank+4
000501r 1  A6 rr        	ldx     regbank+5
000503r 1  20 rr rr     	jsr     pushax
000506r 1  A0 02        	ldy     #$02
000508r 1  A2 00        	ldx     #$00
00050Ar 1  B1 rr        	lda     (c_sp),y
00050Cr 1  0A           	asl     a
00050Dr 1  90 02        	bcc     L0016
00050Fr 1  E8           	inx
000510r 1  18           	clc
000511r 1  69 rr        L0016:	adc     #<(_HGR_OFFSET)
000513r 1  85 rr        	sta     ptr1
000515r 1  8A           	txa
000516r 1  69 rr        	adc     #>(_HGR_OFFSET)
000518r 1  85 rr        	sta     ptr1+1
00051Ar 1  88           	dey
00051Br 1  B1 rr        	lda     (ptr1),y
00051Dr 1  AA           	tax
00051Er 1  B2 rr        	lda     (ptr1)
000520r 1  85 rr        	sta     ptr1
000522r 1  8A           	txa
000523r 1  18           	clc
000524r 1  69 20        	adc     #$20
000526r 1  85 rr        	sta     ptr1+1
000528r 1  A0 03        	ldy     #$03
00052Ar 1  B1 rr        	lda     (c_sp),y
00052Cr 1  A8           	tay
00052Dr 1  B9 rr rr     	lda     _DHGR_OFFSET_X,y
000530r 1  18           	clc
000531r 1  65 rr        	adc     ptr1
000533r 1  A6 rr        	ldx     ptr1+1
000535r 1  90 01        	bcc     L0014
000537r 1  E8           	inx
000538r 1  85 rr        L0014:	sta     regbank+4
00053Ar 1  86 rr        	stx     regbank+4+1
00053Cr 1  A5 rr        	lda     regbank+3
00053Er 1  20 rr rr     	jsr     pusha
000541r 1  A5 rr        	lda     regbank+2
000543r 1  20 rr rr     	jsr     pusha
000546r 1  A5 rr        	lda     regbank+1
000548r 1  20 rr rr     	jsr     pusha
00054Br 1  A5 rr        	lda     regbank+0
00054Dr 1  20 rr rr     	jsr     pusha
000550r 1  A0 07        	ldy     #$07
000552r 1  B1 rr        	lda     (c_sp),y
000554r 1  20 rr rr     	jsr     pusha0
000557r 1  A9 07        	lda     #$07
000559r 1  20 rr rr     	jsr     tosumoda0
00055Cr 1  E0 00        	cpx     #$00
00055Er 1  F0 03 4C rr  	jne     L0004
000562r 1  rr           
000563r 1  C9 00        	cmp     #$00
000565r 1  F0 24        	beq     L0005
000567r 1  C9 01        	cmp     #$01
000569r 1  F0 31        	beq     L0006
00056Br 1  C9 02        	cmp     #$02
00056Dr 1  F0 51        	beq     L0007
00056Fr 1  C9 03        	cmp     #$03
000571r 1  F0 57        	beq     L0008
000573r 1  C9 04        	cmp     #$04
000575r 1  D0 03 4C rr  	jeq     L000A
000579r 1  rr           
00057Ar 1  C9 05        	cmp     #$05
00057Cr 1  D0 03 4C rr  	jeq     L000C
000580r 1  rr           
000581r 1  C9 06        	cmp     #$06
000583r 1  D0 03 4C rr  	jeq     L000F
000587r 1  rr           
000588r 1  4C rr rr     	jmp     L0004
00058Br 1  9C 55 C0     L0005:	stz     $c055
00058Er 1  B2 rr        	lda     (regbank+4)
000590r 1  85 rr        	sta     regbank+3
000592r 1  8D 54 C0     	sta     $c054
000595r 1  A5 rr        	lda     regbank+3
000597r 1  29 0F        	and     #$0F
000599r 1  4C rr rr     	jmp     L0004
00059Cr 1  8D 55 C0     L0006:	sta     $c055
00059Fr 1  B2 rr        	lda     (regbank+4)
0005A1r 1  85 rr        	sta     regbank+3
0005A3r 1  8D 54 C0     	sta     $c054
0005A6r 1  B2 rr        	lda     (regbank+4)
0005A8r 1  85 rr        	sta     regbank+2
0005AAr 1  A5 rr        	lda     regbank+3
0005ACr 1  29 70        	and     #$70
0005AEr 1  4A           	lsr     a
0005AFr 1  4A           	lsr     a
0005B0r 1  4A           	lsr     a
0005B1r 1  4A           	lsr     a
0005B2r 1  85 rr        	sta     ptr1
0005B4r 1  A5 rr        	lda     regbank+2
0005B6r 1  29 01        	and     #$01
0005B8r 1  0A           	asl     a
0005B9r 1  0A           	asl     a
0005BAr 1  0A           	asl     a
0005BBr 1  05 rr        	ora     ptr1
0005BDr 1  4C rr rr     	jmp     L0004
0005C0r 1  B2 rr        L0007:	lda     (regbank+4)
0005C2r 1  85 rr        	sta     regbank+2
0005C4r 1  29 1E        	and     #$1E
0005C6r 1  4A           	lsr     a
0005C7r 1  4C rr rr     	jmp     L0004
0005CAr 1  B2 rr        L0008:	lda     (regbank+4)
0005CCr 1  85 rr        	sta     regbank+2
0005CEr 1  8D 55 C0     	sta     $c055
0005D1r 1  A5 rr        	lda     regbank+4
0005D3r 1  A6 rr        	ldx     regbank+4+1
0005D5r 1  1A           	ina
0005D6r 1  D0 01        	bne     L0009
0005D8r 1  E8           	inx
0005D9r 1  85 rr        L0009:	sta     ptr1
0005DBr 1  86 rr        	stx     ptr1+1
0005DDr 1  B2 rr        	lda     (ptr1)
0005DFr 1  85 rr        	sta     regbank+1
0005E1r 1  8D 54 C0     	sta     $c054
0005E4r 1  A5 rr        	lda     regbank+2
0005E6r 1  A2 00        	ldx     #$00
0005E8r 1  29 60        	and     #$60
0005EAr 1  4A           	lsr     a
0005EBr 1  4A           	lsr     a
0005ECr 1  4A           	lsr     a
0005EDr 1  4A           	lsr     a
0005EEr 1  4A           	lsr     a
0005EFr 1  85 rr        	sta     ptr1
0005F1r 1  A5 rr        	lda     regbank+1
0005F3r 1  29 03        	and     #$03
0005F5r 1  0A           	asl     a
0005F6r 1  0A           	asl     a
0005F7r 1  05 rr        	ora     ptr1
0005F9r 1  80 72        	bra     L0004
0005FBr 1  8D 55 C0     L000A:	sta     $c055
0005FEr 1  A5 rr        	lda     regbank+4
000600r 1  A6 rr        	ldx     regbank+4+1
000602r 1  1A           	ina
000603r 1  D0 01        	bne     L000B
000605r 1  E8           	inx
000606r 1  85 rr        L000B:	sta     ptr1
000608r 1  86 rr        	stx     ptr1+1
00060Ar 1  B2 rr        	lda     (ptr1)
00060Cr 1  85 rr        	sta     regbank+1
00060Er 1  8D 54 C0     	sta     $c054
000611r 1  A5 rr        	lda     regbank+1
000613r 1  A2 00        	ldx     #$00
000615r 1  29 3C        	and     #$3C
000617r 1  4A           	lsr     a
000618r 1  4A           	lsr     a
000619r 1  80 52        	bra     L0004
00061Br 1  8D 55 C0     L000C:	sta     $c055
00061Er 1  A5 rr        	lda     regbank+4
000620r 1  A6 rr        	ldx     regbank+4+1
000622r 1  1A           	ina
000623r 1  D0 01        	bne     L000D
000625r 1  E8           	inx
000626r 1  85 rr        L000D:	sta     ptr1
000628r 1  86 rr        	stx     ptr1+1
00062Ar 1  B2 rr        	lda     (ptr1)
00062Cr 1  85 rr        	sta     regbank+1
00062Er 1  8D 54 C0     	sta     $c054
000631r 1  A5 rr        	lda     regbank+4
000633r 1  A6 rr        	ldx     regbank+4+1
000635r 1  1A           	ina
000636r 1  D0 01        	bne     L000E
000638r 1  E8           	inx
000639r 1  85 rr        L000E:	sta     ptr1
00063Br 1  86 rr        	stx     ptr1+1
00063Dr 1  B2 rr        	lda     (ptr1)
00063Fr 1  85 rr        	sta     regbank+0
000641r 1  A5 rr        	lda     regbank+1
000643r 1  29 40        	and     #$40
000645r 1  4A           	lsr     a
000646r 1  4A           	lsr     a
000647r 1  4A           	lsr     a
000648r 1  4A           	lsr     a
000649r 1  4A           	lsr     a
00064Ar 1  4A           	lsr     a
00064Br 1  85 rr        	sta     ptr1
00064Dr 1  A5 rr        	lda     regbank+0
00064Fr 1  29 07        	and     #$07
000651r 1  0A           	asl     a
000652r 1  05 rr        	ora     ptr1
000654r 1  80 15        	bra     L0015
000656r 1  A5 rr        L000F:	lda     regbank+4
000658r 1  A6 rr        	ldx     regbank+4+1
00065Ar 1  1A           	ina
00065Br 1  D0 01        	bne     L0010
00065Dr 1  E8           	inx
00065Er 1  85 rr        L0010:	sta     ptr1
000660r 1  86 rr        	stx     ptr1+1
000662r 1  B2 rr        	lda     (ptr1)
000664r 1  85 rr        	sta     regbank+0
000666r 1  29 78        	and     #$78
000668r 1  4A           	lsr     a
000669r 1  4A           	lsr     a
00066Ar 1  4A           	lsr     a
00066Br 1  A2 00        L0015:	ldx     #$00
00066Dr 1  48           L0004:	pha
00066Er 1  A0 00        	ldy     #$00
000670r 1  B1 rr        L0011:	lda     (c_sp),y
000672r 1  99 rr rr     	sta     regbank+0,y
000675r 1  C8           	iny
000676r 1  C0 06        	cpy     #$06
000678r 1  D0 F6        	bne     L0011
00067Ar 1  68           	pla
00067Br 1  4C rr rr     	jmp     incsp8
00067Er 1               
00067Er 1               .endproc
00067Er 1               
00067Er 1               ; ---------------------------------------------------------------
00067Er 1               ; void __near__ __fastcall__ hline (unsigned char x0, unsigned char x1, unsigned char y, unsigned char color)
00067Er 1               ; ---------------------------------------------------------------
00067Er 1               
00067Er 1               .segment	"CODE"
00067Er 1               
00067Er 1               .proc	_hline: near
00067Er 1               
00067Er 1               .segment	"CODE"
00067Er 1               
00067Er 1  20 rr rr     	jsr     pusha
000681r 1  A0 03        	ldy     #$03
000683r 1  B1 rr        	lda     (c_sp),y
000685r 1  88           	dey
000686r 1  D1 rr        	cmp     (c_sp),y
000688r 1  90 19        	bcc     L0014
00068Ar 1  F0 17        	beq     L0014
00068Cr 1  C8           	iny
00068Dr 1  B1 rr        	lda     (c_sp),y
00068Fr 1  20 rr rr     	jsr     pusha
000692r 1  A0 04        	ldy     #$04
000694r 1  B1 rr        	lda     (c_sp),y
000696r 1  88           	dey
000697r 1  91 rr        	sta     (c_sp),y
000699r 1  B2 rr        	lda     (c_sp)
00069Br 1  C8           	iny
00069Cr 1  91 rr        	sta     (c_sp),y
00069Er 1  20 rr rr     	jsr     incsp1
0006A1r 1  A0 02        	ldy     #$02
0006A3r 1  B1 rr        L0014:	lda     (c_sp),y
0006A5r 1  38           	sec
0006A6r 1  C8           	iny
0006A7r 1  F1 rr        	sbc     (c_sp),y
0006A9r 1  A2 00        	ldx     #$00
0006ABr 1  B0 01        	bcs     L0012
0006ADr 1  CA           	dex
0006AEr 1  C9 07        L0012:	cmp     #$07
0006B0r 1  8A           	txa
0006B1r 1  E9 00        	sbc     #$00
0006B3r 1  50 02        	bvc     L0004
0006B5r 1  49 80        	eor     #$80
0006B7r 1  0A           L0004:	asl     a
0006B8r 1  90 52        	bcc     L0018
0006BAr 1  80 22        	bra     L0016
0006BCr 1  20 rr rr     L0005:	jsr     decsp2
0006BFr 1  A0 05        	ldy     #$05
0006C1r 1  B1 rr        	lda     (c_sp),y
0006C3r 1  A0 01        	ldy     #$01
0006C5r 1  91 rr        	sta     (c_sp),y
0006C7r 1  A0 05        	ldy     #$05
0006C9r 1  18           	clc
0006CAr 1  A9 01        	lda     #$01
0006CCr 1  71 rr        	adc     (c_sp),y
0006CEr 1  91 rr        	sta     (c_sp),y
0006D0r 1  A0 03        	ldy     #$03
0006D2r 1  B1 rr        	lda     (c_sp),y
0006D4r 1  92 rr        	sta     (c_sp)
0006D6r 1  88           	dey
0006D7r 1  B1 rr        	lda     (c_sp),y
0006D9r 1  20 rr rr     	jsr     _plot
0006DCr 1  A0 03        	ldy     #$03
0006DEr 1  B1 rr        L0016:	lda     (c_sp),y
0006E0r 1  88           	dey
0006E1r 1  D1 rr        	cmp     (c_sp),y
0006E3r 1  90 D7        	bcc     L0005
0006E5r 1  F0 D5        	beq     L0005
0006E7r 1  4C rr rr     	jmp     incsp4
0006EAr 1  20 rr rr     L0008:	jsr     decsp2
0006EDr 1  A0 05        	ldy     #$05
0006EFr 1  B1 rr        	lda     (c_sp),y
0006F1r 1  A0 01        	ldy     #$01
0006F3r 1  91 rr        	sta     (c_sp),y
0006F5r 1  A0 05        	ldy     #$05
0006F7r 1  18           	clc
0006F8r 1  A9 01        	lda     #$01
0006FAr 1  71 rr        	adc     (c_sp),y
0006FCr 1  91 rr        	sta     (c_sp),y
0006FEr 1  A0 03        	ldy     #$03
000700r 1  B1 rr        	lda     (c_sp),y
000702r 1  92 rr        	sta     (c_sp)
000704r 1  88           	dey
000705r 1  B1 rr        	lda     (c_sp),y
000707r 1  20 rr rr     	jsr     _plot
00070Ar 1  A0 03        	ldy     #$03
00070Cr 1  B1 rr        L0018:	lda     (c_sp),y
00070Er 1  20 rr rr     	jsr     pusha0
000711r 1  A9 07        	lda     #$07
000713r 1  20 rr rr     	jsr     tosumoda0
000716r 1  86 rr        	stx     tmp1
000718r 1  05 rr        	ora     tmp1
00071Ar 1  D0 CE        	bne     L0008
00071Cr 1  80 20        	bra     L000D
00071Er 1  20 rr rr     L000B:	jsr     decsp2
000721r 1  A0 05        	ldy     #$05
000723r 1  B1 rr        	lda     (c_sp),y
000725r 1  A0 01        	ldy     #$01
000727r 1  91 rr        	sta     (c_sp),y
000729r 1  A0 03        	ldy     #$03
00072Br 1  B1 rr        	lda     (c_sp),y
00072Dr 1  92 rr        	sta     (c_sp)
00072Fr 1  88           	dey
000730r 1  B1 rr        	lda     (c_sp),y
000732r 1  20 rr rr     	jsr     _plot7
000735r 1  A0 03        	ldy     #$03
000737r 1  18           	clc
000738r 1  A9 07        	lda     #$07
00073Ar 1  71 rr        	adc     (c_sp),y
00073Cr 1  91 rr        	sta     (c_sp),y
00073Er 1  A0 03        L000D:	ldy     #$03
000740r 1  A2 00        	ldx     #$00
000742r 1  B1 rr        	lda     (c_sp),y
000744r 1  18           	clc
000745r 1  69 07        	adc     #$07
000747r 1  90 01        	bcc     L000E
000749r 1  E8           	inx
00074Ar 1  20 rr rr     L000E:	jsr     pushax
00074Dr 1  A0 04        	ldy     #$04
00074Fr 1  B1 rr        	lda     (c_sp),y
000751r 1  20 rr rr     	jsr     tosicmp0
000754r 1  30 C8        	bmi     L000B
000756r 1  F0 C6        	beq     L000B
000758r 1  80 20        	bra     L0011
00075Ar 1  20 rr rr     L000F:	jsr     decsp2
00075Dr 1  A0 05        	ldy     #$05
00075Fr 1  B1 rr        	lda     (c_sp),y
000761r 1  A0 01        	ldy     #$01
000763r 1  91 rr        	sta     (c_sp),y
000765r 1  A0 05        	ldy     #$05
000767r 1  18           	clc
000768r 1  A9 01        	lda     #$01
00076Ar 1  71 rr        	adc     (c_sp),y
00076Cr 1  91 rr        	sta     (c_sp),y
00076Er 1  A0 03        	ldy     #$03
000770r 1  B1 rr        	lda     (c_sp),y
000772r 1  92 rr        	sta     (c_sp)
000774r 1  88           	dey
000775r 1  B1 rr        	lda     (c_sp),y
000777r 1  20 rr rr     	jsr     _plot
00077Ar 1  A0 03        L0011:	ldy     #$03
00077Cr 1  B1 rr        	lda     (c_sp),y
00077Er 1  88           	dey
00077Fr 1  D1 rr        	cmp     (c_sp),y
000781r 1  90 D7        	bcc     L000F
000783r 1  F0 D5        	beq     L000F
000785r 1  4C rr rr     	jmp     incsp4
000788r 1               
000788r 1               .endproc
000788r 1               
000788r 1               ; ---------------------------------------------------------------
000788r 1               ; void __near__ __fastcall__ vline (unsigned char x, unsigned char y0, unsigned char y1, unsigned char color)
000788r 1               ; ---------------------------------------------------------------
000788r 1               
000788r 1               .segment	"CODE"
000788r 1               
000788r 1               .proc	_vline: near
000788r 1               
000788r 1               .segment	"CODE"
000788r 1               
000788r 1  20 rr rr     	jsr     pusha
00078Br 1  20 rr rr     	jsr     decsp1
00078Er 1  A0 03        	ldy     #$03
000790r 1  B1 rr        	lda     (c_sp),y
000792r 1  88           	dey
000793r 1  D1 rr        	cmp     (c_sp),y
000795r 1  90 17        	bcc     L0002
000797r 1  F0 15        	beq     L0002
000799r 1  C8           	iny
00079Ar 1  B1 rr        	lda     (c_sp),y
00079Cr 1  20 rr rr     	jsr     pusha
00079Fr 1  A0 04        	ldy     #$04
0007A1r 1  B1 rr        	lda     (c_sp),y
0007A3r 1  88           	dey
0007A4r 1  91 rr        	sta     (c_sp),y
0007A6r 1  B2 rr        	lda     (c_sp)
0007A8r 1  C8           	iny
0007A9r 1  91 rr        	sta     (c_sp),y
0007ABr 1  20 rr rr     	jsr     incsp1
0007AEr 1  A0 03        L0002:	ldy     #$03
0007B0r 1  B1 rr        	lda     (c_sp),y
0007B2r 1  92 rr        L0007:	sta     (c_sp)
0007B4r 1  A0 02        	ldy     #$02
0007B6r 1  D1 rr        	cmp     (c_sp),y
0007B8r 1  F0 02        	beq     L0008
0007BAr 1  B0 1D        	bcs     L0004
0007BCr 1  20 rr rr     L0008:	jsr     decsp2
0007BFr 1  A0 06        	ldy     #$06
0007C1r 1  B1 rr        	lda     (c_sp),y
0007C3r 1  A0 01        	ldy     #$01
0007C5r 1  91 rr        	sta     (c_sp),y
0007C7r 1  C8           	iny
0007C8r 1  B1 rr        	lda     (c_sp),y
0007CAr 1  92 rr        	sta     (c_sp)
0007CCr 1  C8           	iny
0007CDr 1  B1 rr        	lda     (c_sp),y
0007CFr 1  20 rr rr     	jsr     _plot
0007D2r 1  18           	clc
0007D3r 1  A9 01        	lda     #$01
0007D5r 1  72 rr        	adc     (c_sp)
0007D7r 1  80 D9        	bra     L0007
0007D9r 1  4C rr rr     L0004:	jmp     incsp5
0007DCr 1               
0007DCr 1               .endproc
0007DCr 1               
0007DCr 1               ; ---------------------------------------------------------------
0007DCr 1               ; void __near__ rect (unsigned char x0, unsigned char y0, unsigned char x1, unsigned char y1, unsigned char color)
0007DCr 1               ; ---------------------------------------------------------------
0007DCr 1               
0007DCr 1               .segment	"CODE"
0007DCr 1               
0007DCr 1               .proc	_rect: near
0007DCr 1               
0007DCr 1               .segment	"CODE"
0007DCr 1               
0007DCr 1  20 rr rr     	jsr     pusha
0007DFr 1  20 rr rr     	jsr     decsp3
0007E2r 1  A0 07        	ldy     #$07
0007E4r 1  B1 rr        	lda     (c_sp),y
0007E6r 1  A0 02        	ldy     #$02
0007E8r 1  91 rr        	sta     (c_sp),y
0007EAr 1  A0 05        	ldy     #$05
0007ECr 1  B1 rr        	lda     (c_sp),y
0007EEr 1  A0 01        	ldy     #$01
0007F0r 1  91 rr        	sta     (c_sp),y
0007F2r 1  A0 06        	ldy     #$06
0007F4r 1  B1 rr        	lda     (c_sp),y
0007F6r 1  92 rr        	sta     (c_sp)
0007F8r 1  A0 03        	ldy     #$03
0007FAr 1  B1 rr        	lda     (c_sp),y
0007FCr 1  20 rr rr     	jsr     _hline
0007FFr 1  20 rr rr     	jsr     decsp3
000802r 1  A0 07        	ldy     #$07
000804r 1  B1 rr        	lda     (c_sp),y
000806r 1  A0 02        	ldy     #$02
000808r 1  91 rr        	sta     (c_sp),y
00080Ar 1  A0 05        	ldy     #$05
00080Cr 1  B1 rr        	lda     (c_sp),y
00080Er 1  A0 01        	ldy     #$01
000810r 1  91 rr        	sta     (c_sp),y
000812r 1  A0 04        	ldy     #$04
000814r 1  B1 rr        	lda     (c_sp),y
000816r 1  92 rr        	sta     (c_sp)
000818r 1  88           	dey
000819r 1  B1 rr        	lda     (c_sp),y
00081Br 1  20 rr rr     	jsr     _hline
00081Er 1  20 rr rr     	jsr     decsp3
000821r 1  A0 07        	ldy     #$07
000823r 1  B1 rr        	lda     (c_sp),y
000825r 1  A0 02        	ldy     #$02
000827r 1  91 rr        	sta     (c_sp),y
000829r 1  A0 06        	ldy     #$06
00082Br 1  B1 rr        	lda     (c_sp),y
00082Dr 1  1A           	ina
00082Er 1  A0 01        	ldy     #$01
000830r 1  91 rr        	sta     (c_sp),y
000832r 1  A0 04        	ldy     #$04
000834r 1  B1 rr        	lda     (c_sp),y
000836r 1  38           	sec
000837r 1  E9 01        	sbc     #$01
000839r 1  92 rr        	sta     (c_sp)
00083Br 1  88           	dey
00083Cr 1  B1 rr        	lda     (c_sp),y
00083Er 1  20 rr rr     	jsr     _vline
000841r 1  20 rr rr     	jsr     decsp3
000844r 1  A0 05        	ldy     #$05
000846r 1  B1 rr        	lda     (c_sp),y
000848r 1  A0 02        	ldy     #$02
00084Ar 1  91 rr        	sta     (c_sp),y
00084Cr 1  A0 06        	ldy     #$06
00084Er 1  B1 rr        	lda     (c_sp),y
000850r 1  1A           	ina
000851r 1  A0 01        	ldy     #$01
000853r 1  91 rr        	sta     (c_sp),y
000855r 1  A0 04        	ldy     #$04
000857r 1  B1 rr        	lda     (c_sp),y
000859r 1  38           	sec
00085Ar 1  E9 01        	sbc     #$01
00085Cr 1  92 rr        	sta     (c_sp)
00085Er 1  88           	dey
00085Fr 1  B1 rr        	lda     (c_sp),y
000861r 1  20 rr rr     	jsr     _vline
000864r 1  4C rr rr     	jmp     incsp5
000867r 1               
000867r 1               .endproc
000867r 1               
000867r 1               ; ---------------------------------------------------------------
000867r 1               ; void __near__ fillrect (unsigned char x0, unsigned char y0, unsigned char x1, unsigned char y1, unsigned char color)
000867r 1               ; ---------------------------------------------------------------
000867r 1               
000867r 1               .segment	"CODE"
000867r 1               
000867r 1               .proc	_fillrect: near
000867r 1               
000867r 1               .segment	"CODE"
000867r 1               
000867r 1  20 rr rr     	jsr     pusha
00086Ar 1  20 rr rr     	jsr     decsp1
00086Dr 1  A0 04        	ldy     #$04
00086Fr 1  B1 rr        	lda     (c_sp),y
000871r 1  92 rr        L0006:	sta     (c_sp)
000873r 1  A0 02        	ldy     #$02
000875r 1  D1 rr        	cmp     (c_sp),y
000877r 1  F0 02        	beq     L0007
000879r 1  B0 26        	bcs     L0003
00087Br 1  20 rr rr     L0007:	jsr     decsp3
00087Er 1  A0 08        	ldy     #$08
000880r 1  B1 rr        	lda     (c_sp),y
000882r 1  A0 02        	ldy     #$02
000884r 1  91 rr        	sta     (c_sp),y
000886r 1  A0 06        	ldy     #$06
000888r 1  B1 rr        	lda     (c_sp),y
00088Ar 1  A0 01        	ldy     #$01
00088Cr 1  91 rr        	sta     (c_sp),y
00088Er 1  A0 03        	ldy     #$03
000890r 1  B1 rr        	lda     (c_sp),y
000892r 1  92 rr        	sta     (c_sp)
000894r 1  C8           	iny
000895r 1  B1 rr        	lda     (c_sp),y
000897r 1  20 rr rr     	jsr     _hline
00089Ar 1  18           	clc
00089Br 1  A9 01        	lda     #$01
00089Dr 1  72 rr        	adc     (c_sp)
00089Fr 1  80 D0        	bra     L0006
0008A1r 1  4C rr rr     L0003:	jmp     incsp6
0008A4r 1               
0008A4r 1               .endproc
0008A4r 1               
0008A4r 1               ; ---------------------------------------------------------------
0008A4r 1               ; void __near__ line (unsigned char x0, unsigned char y0, unsigned char x1, unsigned char y1, unsigned char color)
0008A4r 1               ; ---------------------------------------------------------------
0008A4r 1               
0008A4r 1               .segment	"CODE"
0008A4r 1               
0008A4r 1               .proc	_line: near
0008A4r 1               
0008A4r 1               .segment	"CODE"
0008A4r 1               
0008A4r 1  20 rr rr     	jsr     pusha
0008A7r 1  A0 0C        	ldy     #$0C
0008A9r 1  20 rr rr     	jsr     subysp
0008ACr 1  A0 10        	ldy     #$10
0008AEr 1  B1 rr        	lda     (c_sp),y
0008B0r 1  A0 0E        	ldy     #$0E
0008B2r 1  D1 rr        	cmp     (c_sp),y
0008B4r 1  D0 22        	bne     L0002
0008B6r 1  20 rr rr     	jsr     decsp3
0008B9r 1  A0 13        	ldy     #$13
0008BBr 1  B1 rr        	lda     (c_sp),y
0008BDr 1  A0 02        	ldy     #$02
0008BFr 1  91 rr        	sta     (c_sp),y
0008C1r 1  A0 12        	ldy     #$12
0008C3r 1  B1 rr        	lda     (c_sp),y
0008C5r 1  A0 01        	ldy     #$01
0008C7r 1  91 rr        	sta     (c_sp),y
0008C9r 1  A0 10        	ldy     #$10
0008CBr 1  B1 rr        	lda     (c_sp),y
0008CDr 1  92 rr        	sta     (c_sp)
0008CFr 1  88           	dey
0008D0r 1  B1 rr        	lda     (c_sp),y
0008D2r 1  20 rr rr     	jsr     _vline
0008D5r 1  4C rr rr     	jmp     L0009
0008D8r 1  C8           L0002:	iny
0008D9r 1  B1 rr        	lda     (c_sp),y
0008DBr 1  A0 0D        	ldy     #$0D
0008DDr 1  D1 rr        	cmp     (c_sp),y
0008DFr 1  D0 23        	bne     L0003
0008E1r 1  20 rr rr     	jsr     decsp3
0008E4r 1  A0 13        	ldy     #$13
0008E6r 1  B1 rr        	lda     (c_sp),y
0008E8r 1  A0 02        	ldy     #$02
0008EAr 1  91 rr        	sta     (c_sp),y
0008ECr 1  A0 11        	ldy     #$11
0008EEr 1  B1 rr        	lda     (c_sp),y
0008F0r 1  A0 01        	ldy     #$01
0008F2r 1  91 rr        	sta     (c_sp),y
0008F4r 1  A0 12        	ldy     #$12
0008F6r 1  B1 rr        	lda     (c_sp),y
0008F8r 1  92 rr        	sta     (c_sp)
0008FAr 1  A0 0F        	ldy     #$0F
0008FCr 1  B1 rr        	lda     (c_sp),y
0008FEr 1  20 rr rr     	jsr     _hline
000901r 1  4C rr rr     	jmp     L0009
000904r 1  C8           L0003:	iny
000905r 1  B1 rr        	lda     (c_sp),y
000907r 1  38           	sec
000908r 1  A0 10        	ldy     #$10
00090Ar 1  F1 rr        	sbc     (c_sp),y
00090Cr 1  A2 00        	ldx     #$00
00090Er 1  B0 01        	bcs     L0011
000910r 1  CA           	dex
000911r 1  20 rr rr     L0011:	jsr     _abs
000914r 1  A0 0A        	ldy     #$0A
000916r 1  20 rr rr     	jsr     staxysp
000919r 1  A0 10        	ldy     #$10
00091Br 1  B1 rr        	lda     (c_sp),y
00091Dr 1  A0 0E        	ldy     #$0E
00091Fr 1  D1 rr        	cmp     (c_sp),y
000921r 1  B0 06        	bcs     L0004
000923r 1  A2 00        	ldx     #$00
000925r 1  A9 01        	lda     #$01
000927r 1  80 03        	bra     L0005
000929r 1  A2 FF        L0004:	ldx     #$FF
00092Br 1  8A           	txa
00092Cr 1  A0 06        L0005:	ldy     #$06
00092Er 1  20 rr rr     	jsr     staxysp
000931r 1  A0 0D        	ldy     #$0D
000933r 1  B1 rr        	lda     (c_sp),y
000935r 1  38           	sec
000936r 1  A0 0F        	ldy     #$0F
000938r 1  F1 rr        	sbc     (c_sp),y
00093Ar 1  A2 00        	ldx     #$00
00093Cr 1  B0 01        	bcs     L0012
00093Er 1  CA           	dex
00093Fr 1  20 rr rr     L0012:	jsr     _abs
000942r 1  20 rr rr     	jsr     negax
000945r 1  A0 08        	ldy     #$08
000947r 1  20 rr rr     	jsr     staxysp
00094Ar 1  A0 0F        	ldy     #$0F
00094Cr 1  B1 rr        	lda     (c_sp),y
00094Er 1  A0 0D        	ldy     #$0D
000950r 1  D1 rr        	cmp     (c_sp),y
000952r 1  B0 06        	bcs     L0006
000954r 1  A2 00        	ldx     #$00
000956r 1  A9 01        	lda     #$01
000958r 1  80 03        	bra     L0007
00095Ar 1  A2 FF        L0006:	ldx     #$FF
00095Cr 1  8A           	txa
00095Dr 1  A0 04        L0007:	ldy     #$04
00095Fr 1  20 rr rr     	jsr     staxysp
000962r 1  A0 0A        	ldy     #$0A
000964r 1  B1 rr        	lda     (c_sp),y
000966r 1  A0 08        	ldy     #$08
000968r 1  18           	clc
000969r 1  71 rr        	adc     (c_sp),y
00096Br 1  48           	pha
00096Cr 1  A0 0B        	ldy     #$0B
00096Er 1  B1 rr        	lda     (c_sp),y
000970r 1  A0 09        	ldy     #$09
000972r 1  71 rr        	adc     (c_sp),y
000974r 1  AA           	tax
000975r 1  68           	pla
000976r 1  A0 02        	ldy     #$02
000978r 1  20 rr rr     	jsr     staxysp
00097Br 1  20 rr rr     L0008:	jsr     decsp2
00097Er 1  A0 12        	ldy     #$12
000980r 1  B1 rr        	lda     (c_sp),y
000982r 1  A0 01        	ldy     #$01
000984r 1  91 rr        	sta     (c_sp),y
000986r 1  A0 11        	ldy     #$11
000988r 1  B1 rr        	lda     (c_sp),y
00098Ar 1  92 rr        	sta     (c_sp)
00098Cr 1  A0 0E        	ldy     #$0E
00098Er 1  B1 rr        	lda     (c_sp),y
000990r 1  20 rr rr     	jsr     _plot
000993r 1  A0 10        	ldy     #$10
000995r 1  B1 rr        	lda     (c_sp),y
000997r 1  A0 0E        	ldy     #$0E
000999r 1  D1 rr        	cmp     (c_sp),y
00099Br 1  D0 09        	bne     L000B
00099Dr 1  C8           	iny
00099Er 1  B1 rr        	lda     (c_sp),y
0009A0r 1  A0 0D        	ldy     #$0D
0009A2r 1  D1 rr        	cmp     (c_sp),y
0009A4r 1  F0 72        	beq     L0009
0009A6r 1  A0 03        L000B:	ldy     #$03
0009A8r 1  B1 rr        	lda     (c_sp),y
0009AAr 1  85 rr        	sta     tmp1
0009ACr 1  88           	dey
0009ADr 1  B1 rr        	lda     (c_sp),y
0009AFr 1  0A           	asl     a
0009B0r 1  26 rr        	rol     tmp1
0009B2r 1  A6 rr        	ldx     tmp1
0009B4r 1  20 rr rr     	jsr     stax0sp
0009B7r 1  A0 08        	ldy     #$08
0009B9r 1  D1 rr        	cmp     (c_sp),y
0009BBr 1  8A           	txa
0009BCr 1  C8           	iny
0009BDr 1  F1 rr        	sbc     (c_sp),y
0009BFr 1  70 02        	bvs     L0013
0009C1r 1  49 80        	eor     #$80
0009C3r 1  10 1F        L0013:	bpl     L000F
0009C5r 1  88           	dey
0009C6r 1  B1 rr        	lda     (c_sp),y
0009C8r 1  A0 02        	ldy     #$02
0009CAr 1  18           	clc
0009CBr 1  71 rr        	adc     (c_sp),y
0009CDr 1  91 rr        	sta     (c_sp),y
0009CFr 1  A0 09        	ldy     #$09
0009D1r 1  B1 rr        	lda     (c_sp),y
0009D3r 1  A0 03        	ldy     #$03
0009D5r 1  71 rr        	adc     (c_sp),y
0009D7r 1  91 rr        	sta     (c_sp),y
0009D9r 1  A0 06        	ldy     #$06
0009DBr 1  B1 rr        	lda     (c_sp),y
0009DDr 1  A0 10        	ldy     #$10
0009DFr 1  18           	clc
0009E0r 1  71 rr        	adc     (c_sp),y
0009E2r 1  91 rr        	sta     (c_sp),y
0009E4r 1  20 rr rr     L000F:	jsr     pushw0sp
0009E7r 1  A0 0D        	ldy     #$0D
0009E9r 1  B1 rr        	lda     (c_sp),y
0009EBr 1  AA           	tax
0009ECr 1  88           	dey
0009EDr 1  B1 rr        	lda     (c_sp),y
0009EFr 1  20 rr rr     	jsr     tosicmp
0009F2r 1  F0 02        	beq     L0014
0009F4r 1  10 85        	bpl     L0008
0009F6r 1  A0 0A        L0014:	ldy     #$0A
0009F8r 1  B1 rr        	lda     (c_sp),y
0009FAr 1  A0 02        	ldy     #$02
0009FCr 1  18           	clc
0009FDr 1  71 rr        	adc     (c_sp),y
0009FFr 1  91 rr        	sta     (c_sp),y
000A01r 1  A0 0B        	ldy     #$0B
000A03r 1  B1 rr        	lda     (c_sp),y
000A05r 1  A0 03        	ldy     #$03
000A07r 1  71 rr        	adc     (c_sp),y
000A09r 1  91 rr        	sta     (c_sp),y
000A0Br 1  C8           	iny
000A0Cr 1  B1 rr        	lda     (c_sp),y
000A0Er 1  A0 0F        	ldy     #$0F
000A10r 1  18           	clc
000A11r 1  71 rr        	adc     (c_sp),y
000A13r 1  91 rr        	sta     (c_sp),y
000A15r 1  4C rr rr     	jmp     L0008
000A18r 1  A0 11        L0009:	ldy     #$11
000A1Ar 1  4C rr rr     	jmp     addysp
000A1Dr 1               
000A1Dr 1               .endproc
000A1Dr 1               
000A1Dr 1               ; ---------------------------------------------------------------
000A1Dr 1               ; void __near__ ellipse (unsigned char x0, unsigned char y0, unsigned char x1, unsigned char y1, unsigned char color)
000A1Dr 1               ; ---------------------------------------------------------------
000A1Dr 1               
000A1Dr 1               .segment	"CODE"
000A1Dr 1               
000A1Dr 1               .proc	_ellipse: near
000A1Dr 1               
000A1Dr 1               .segment	"CODE"
000A1Dr 1               
000A1Dr 1  20 rr rr     	jsr     pusha
000A20r 1  A0 12        	ldy     #$12
000A22r 1  20 rr rr     	jsr     subysp
000A25r 1  A0 16        	ldy     #$16
000A27r 1  B1 rr        	lda     (c_sp),y
000A29r 1  A0 14        	ldy     #$14
000A2Br 1  D1 rr        	cmp     (c_sp),y
000A2Dr 1  D0 22        	bne     L0002
000A2Fr 1  20 rr rr     	jsr     decsp3
000A32r 1  A0 19        	ldy     #$19
000A34r 1  B1 rr        	lda     (c_sp),y
000A36r 1  A0 02        	ldy     #$02
000A38r 1  91 rr        	sta     (c_sp),y
000A3Ar 1  A0 18        	ldy     #$18
000A3Cr 1  B1 rr        	lda     (c_sp),y
000A3Er 1  A0 01        	ldy     #$01
000A40r 1  91 rr        	sta     (c_sp),y
000A42r 1  A0 16        	ldy     #$16
000A44r 1  B1 rr        	lda     (c_sp),y
000A46r 1  92 rr        	sta     (c_sp)
000A48r 1  88           	dey
000A49r 1  B1 rr        	lda     (c_sp),y
000A4Br 1  20 rr rr     	jsr     _vline
000A4Er 1  4C rr rr     	jmp     L000E
000A51r 1  C8           L0002:	iny
000A52r 1  B1 rr        	lda     (c_sp),y
000A54r 1  A0 13        	ldy     #$13
000A56r 1  D1 rr        	cmp     (c_sp),y
000A58r 1  D0 23        	bne     L0003
000A5Ar 1  20 rr rr     	jsr     decsp3
000A5Dr 1  A0 19        	ldy     #$19
000A5Fr 1  B1 rr        	lda     (c_sp),y
000A61r 1  A0 02        	ldy     #$02
000A63r 1  91 rr        	sta     (c_sp),y
000A65r 1  A0 17        	ldy     #$17
000A67r 1  B1 rr        	lda     (c_sp),y
000A69r 1  A0 01        	ldy     #$01
000A6Br 1  91 rr        	sta     (c_sp),y
000A6Dr 1  A0 18        	ldy     #$18
000A6Fr 1  B1 rr        	lda     (c_sp),y
000A71r 1  92 rr        	sta     (c_sp)
000A73r 1  A0 15        	ldy     #$15
000A75r 1  B1 rr        	lda     (c_sp),y
000A77r 1  20 rr rr     	jsr     _hline
000A7Ar 1  4C rr rr     	jmp     L000E
000A7Dr 1  A0 16        L0003:	ldy     #$16
000A7Fr 1  B1 rr        	lda     (c_sp),y
000A81r 1  A0 14        	ldy     #$14
000A83r 1  D1 rr        	cmp     (c_sp),y
000A85r 1  90 1A        	bcc     L0004
000A87r 1  F0 18        	beq     L0004
000A89r 1  A0 16        	ldy     #$16
000A8Br 1  B1 rr        	lda     (c_sp),y
000A8Dr 1  20 rr rr     	jsr     pusha
000A90r 1  A0 17        	ldy     #$17
000A92r 1  B1 rr        	lda     (c_sp),y
000A94r 1  A0 15        	ldy     #$15
000A96r 1  91 rr        	sta     (c_sp),y
000A98r 1  B2 rr        	lda     (c_sp)
000A9Ar 1  A0 17        	ldy     #$17
000A9Cr 1  91 rr        	sta     (c_sp),y
000A9Er 1  20 rr rr     	jsr     incsp1
000AA1r 1  A0 15        L0004:	ldy     #$15
000AA3r 1  B1 rr        	lda     (c_sp),y
000AA5r 1  A0 13        	ldy     #$13
000AA7r 1  D1 rr        	cmp     (c_sp),y
000AA9r 1  90 1A        	bcc     L0005
000AABr 1  F0 18        	beq     L0005
000AADr 1  A0 15        	ldy     #$15
000AAFr 1  B1 rr        	lda     (c_sp),y
000AB1r 1  20 rr rr     	jsr     pusha
000AB4r 1  A0 16        	ldy     #$16
000AB6r 1  B1 rr        	lda     (c_sp),y
000AB8r 1  A0 14        	ldy     #$14
000ABAr 1  91 rr        	sta     (c_sp),y
000ABCr 1  B2 rr        	lda     (c_sp)
000ABEr 1  A0 16        	ldy     #$16
000AC0r 1  91 rr        	sta     (c_sp),y
000AC2r 1  20 rr rr     	jsr     incsp1
000AC5r 1  A0 14        L0005:	ldy     #$14
000AC7r 1  B1 rr        	lda     (c_sp),y
000AC9r 1  38           	sec
000ACAr 1  A0 16        	ldy     #$16
000ACCr 1  F1 rr        	sbc     (c_sp),y
000ACEr 1  A2 00        	ldx     #$00
000AD0r 1  B0 01        	bcs     L0019
000AD2r 1  CA           	dex
000AD3r 1  E0 00        L0019:	cpx     #$00
000AD5r 1  10 19        	bpl     L0006
000AD7r 1  85 rr        	sta     regsave
000AD9r 1  86 rr        	stx     regsave+1
000ADBr 1  E0 FF        	cpx     #$FF
000ADDr 1  D0 02        	bne     L0008
000ADFr 1  C9 FF        	cmp     #$FF
000AE1r 1  20 rr rr     L0008:	jsr     boolult
000AE4r 1  4A           	lsr     a
000AE5r 1  A5 rr        	lda     regsave
000AE7r 1  A6 rr        	ldx     regsave+1
000AE9r 1  B0 05        	bcs     L0006
000AEBr 1  A2 00        	ldx     #$00
000AEDr 1  8A           	txa
000AEEr 1  80 03        	bra     L0007
000AF0r 1  20 rr rr     L0006:	jsr     asrax1
000AF3r 1  A0 10        L0007:	ldy     #$10
000AF5r 1  20 rr rr     	jsr     staxysp
000AF8r 1  A0 13        	ldy     #$13
000AFAr 1  B1 rr        	lda     (c_sp),y
000AFCr 1  38           	sec
000AFDr 1  A0 15        	ldy     #$15
000AFFr 1  F1 rr        	sbc     (c_sp),y
000B01r 1  A2 00        	ldx     #$00
000B03r 1  B0 01        	bcs     L001A
000B05r 1  CA           	dex
000B06r 1  E0 00        L001A:	cpx     #$00
000B08r 1  10 19        	bpl     L0009
000B0Ar 1  85 rr        	sta     regsave
000B0Cr 1  86 rr        	stx     regsave+1
000B0Er 1  E0 FF        	cpx     #$FF
000B10r 1  D0 02        	bne     L000B
000B12r 1  C9 FF        	cmp     #$FF
000B14r 1  20 rr rr     L000B:	jsr     boolult
000B17r 1  4A           	lsr     a
000B18r 1  A5 rr        	lda     regsave
000B1Ar 1  A6 rr        	ldx     regsave+1
000B1Cr 1  B0 05        	bcs     L0009
000B1Er 1  A2 00        	ldx     #$00
000B20r 1  8A           	txa
000B21r 1  80 03        	bra     L000A
000B23r 1  20 rr rr     L0009:	jsr     asrax1
000B26r 1  A0 0E        L000A:	ldy     #$0E
000B28r 1  20 rr rr     	jsr     staxysp
000B2Br 1  A0 16        	ldy     #$16
000B2Dr 1  B1 rr        	lda     (c_sp),y
000B2Fr 1  85 rr        	sta     ptr1
000B31r 1  A0 11        	ldy     #$11
000B33r 1  B1 rr        	lda     (c_sp),y
000B35r 1  AA           	tax
000B36r 1  88           	dey
000B37r 1  B1 rr        	lda     (c_sp),y
000B39r 1  18           	clc
000B3Ar 1  65 rr        	adc     ptr1
000B3Cr 1  90 01        	bcc     L001B
000B3Er 1  E8           	inx
000B3Fr 1  A0 0C        L001B:	ldy     #$0C
000B41r 1  20 rr rr     	jsr     staxysp
000B44r 1  A0 15        	ldy     #$15
000B46r 1  B1 rr        	lda     (c_sp),y
000B48r 1  85 rr        	sta     ptr1
000B4Ar 1  A0 0F        	ldy     #$0F
000B4Cr 1  B1 rr        	lda     (c_sp),y
000B4Er 1  AA           	tax
000B4Fr 1  88           	dey
000B50r 1  B1 rr        	lda     (c_sp),y
000B52r 1  18           	clc
000B53r 1  65 rr        	adc     ptr1
000B55r 1  90 01        	bcc     L001C
000B57r 1  E8           	inx
000B58r 1  A0 0A        L001C:	ldy     #$0A
000B5Ar 1  20 rr rr     	jsr     staxysp
000B5Dr 1  A0 08        	ldy     #$08
000B5Fr 1  A9 00        	lda     #$00
000B61r 1  91 rr        	sta     (c_sp),y
000B63r 1  C8           	iny
000B64r 1  91 rr        	sta     (c_sp),y
000B66r 1  A0 0F        	ldy     #$0F
000B68r 1  B1 rr        	lda     (c_sp),y
000B6Ar 1  AA           	tax
000B6Br 1  88           	dey
000B6Cr 1  B1 rr        	lda     (c_sp),y
000B6Er 1  A0 06        	ldy     #$06
000B70r 1  20 rr rr     	jsr     staxysp
000B73r 1  A0 13        	ldy     #$13
000B75r 1  20 rr rr     	jsr     pushwysp
000B78r 1  A0 13        	ldy     #$13
000B7Ar 1  B1 rr        	lda     (c_sp),y
000B7Cr 1  AA           	tax
000B7Dr 1  88           	dey
000B7Er 1  B1 rr        	lda     (c_sp),y
000B80r 1  20 rr rr     	jsr     tosmulax
000B83r 1  A0 04        	ldy     #$04
000B85r 1  20 rr rr     	jsr     staxysp
000B88r 1  A0 11        	ldy     #$11
000B8Ar 1  20 rr rr     	jsr     pushwysp
000B8Dr 1  A0 11        	ldy     #$11
000B8Fr 1  B1 rr        	lda     (c_sp),y
000B91r 1  AA           	tax
000B92r 1  88           	dey
000B93r 1  B1 rr        	lda     (c_sp),y
000B95r 1  20 rr rr     	jsr     tosmulax
000B98r 1  A0 02        	ldy     #$02
000B9Ar 1  20 rr rr     	jsr     staxysp
000B9Dr 1  20 rr rr     	jsr     pushax
000BA0r 1  A0 11        	ldy     #$11
000BA2r 1  B1 rr        	lda     (c_sp),y
000BA4r 1  85 rr        	sta     tmp1
000BA6r 1  88           	dey
000BA7r 1  B1 rr        	lda     (c_sp),y
000BA9r 1  0A           	asl     a
000BAAr 1  26 rr        	rol     tmp1
000BACr 1  A6 rr        	ldx     tmp1
000BAEr 1  38           	sec
000BAFr 1  E9 01        	sbc     #$01
000BB1r 1  B0 01        	bcs     L000C
000BB3r 1  CA           	dex
000BB4r 1  20 rr rr     L000C:	jsr     pushax
000BB7r 1  A0 09        	ldy     #$09
000BB9r 1  B1 rr        	lda     (c_sp),y
000BBBr 1  AA           	tax
000BBCr 1  88           	dey
000BBDr 1  B1 rr        	lda     (c_sp),y
000BBFr 1  20 rr rr     	jsr     tosmulax
000BC2r 1  20 rr rr     	jsr     tossubax
000BC5r 1  20 rr rr     	jsr     stax0sp
000BC8r 1  20 rr rr     L000D:	jsr     decsp2
000BCBr 1  A0 0E        	ldy     #$0E
000BCDr 1  B1 rr        	lda     (c_sp),y
000BCFr 1  A0 0A        	ldy     #$0A
000BD1r 1  18           	clc
000BD2r 1  71 rr        	adc     (c_sp),y
000BD4r 1  48           	pha
000BD5r 1  A0 0F        	ldy     #$0F
000BD7r 1  B1 rr        	lda     (c_sp),y
000BD9r 1  A0 0B        	ldy     #$0B
000BDBr 1  71 rr        	adc     (c_sp),y
000BDDr 1  68           	pla
000BDEr 1  A0 01        	ldy     #$01
000BE0r 1  91 rr        	sta     (c_sp),y
000BE2r 1  A0 0C        	ldy     #$0C
000BE4r 1  B1 rr        	lda     (c_sp),y
000BE6r 1  A0 08        	ldy     #$08
000BE8r 1  18           	clc
000BE9r 1  71 rr        	adc     (c_sp),y
000BEBr 1  48           	pha
000BECr 1  A0 0D        	ldy     #$0D
000BEEr 1  B1 rr        	lda     (c_sp),y
000BF0r 1  A0 09        	ldy     #$09
000BF2r 1  71 rr        	adc     (c_sp),y
000BF4r 1  68           	pla
000BF5r 1  92 rr        	sta     (c_sp)
000BF7r 1  A0 14        	ldy     #$14
000BF9r 1  B1 rr        	lda     (c_sp),y
000BFBr 1  20 rr rr     	jsr     _plot
000BFEr 1  20 rr rr     	jsr     decsp2
000C01r 1  A0 0F        	ldy     #$0F
000C03r 1  B1 rr        	lda     (c_sp),y
000C05r 1  AA           	tax
000C06r 1  88           	dey
000C07r 1  B1 rr        	lda     (c_sp),y
000C09r 1  38           	sec
000C0Ar 1  A0 0A        	ldy     #$0A
000C0Cr 1  F1 rr        	sbc     (c_sp),y
000C0Er 1  48           	pha
000C0Fr 1  8A           	txa
000C10r 1  C8           	iny
000C11r 1  F1 rr        	sbc     (c_sp),y
000C13r 1  68           	pla
000C14r 1  A0 01        	ldy     #$01
000C16r 1  91 rr        	sta     (c_sp),y
000C18r 1  A0 0C        	ldy     #$0C
000C1Ar 1  B1 rr        	lda     (c_sp),y
000C1Cr 1  A0 08        	ldy     #$08
000C1Er 1  18           	clc
000C1Fr 1  71 rr        	adc     (c_sp),y
000C21r 1  48           	pha
000C22r 1  A0 0D        	ldy     #$0D
000C24r 1  B1 rr        	lda     (c_sp),y
000C26r 1  A0 09        	ldy     #$09
000C28r 1  71 rr        	adc     (c_sp),y
000C2Ar 1  68           	pla
000C2Br 1  92 rr        	sta     (c_sp)
000C2Dr 1  A0 14        	ldy     #$14
000C2Fr 1  B1 rr        	lda     (c_sp),y
000C31r 1  20 rr rr     	jsr     _plot
000C34r 1  20 rr rr     	jsr     decsp2
000C37r 1  A0 0F        	ldy     #$0F
000C39r 1  B1 rr        	lda     (c_sp),y
000C3Br 1  AA           	tax
000C3Cr 1  88           	dey
000C3Dr 1  B1 rr        	lda     (c_sp),y
000C3Fr 1  38           	sec
000C40r 1  A0 0A        	ldy     #$0A
000C42r 1  F1 rr        	sbc     (c_sp),y
000C44r 1  48           	pha
000C45r 1  8A           	txa
000C46r 1  C8           	iny
000C47r 1  F1 rr        	sbc     (c_sp),y
000C49r 1  68           	pla
000C4Ar 1  A0 01        	ldy     #$01
000C4Cr 1  91 rr        	sta     (c_sp),y
000C4Er 1  A0 0D        	ldy     #$0D
000C50r 1  B1 rr        	lda     (c_sp),y
000C52r 1  AA           	tax
000C53r 1  88           	dey
000C54r 1  B1 rr        	lda     (c_sp),y
000C56r 1  38           	sec
000C57r 1  A0 08        	ldy     #$08
000C59r 1  F1 rr        	sbc     (c_sp),y
000C5Br 1  48           	pha
000C5Cr 1  8A           	txa
000C5Dr 1  C8           	iny
000C5Er 1  F1 rr        	sbc     (c_sp),y
000C60r 1  68           	pla
000C61r 1  92 rr        	sta     (c_sp)
000C63r 1  A0 14        	ldy     #$14
000C65r 1  B1 rr        	lda     (c_sp),y
000C67r 1  20 rr rr     	jsr     _plot
000C6Ar 1  20 rr rr     	jsr     decsp2
000C6Dr 1  A0 0E        	ldy     #$0E
000C6Fr 1  B1 rr        	lda     (c_sp),y
000C71r 1  A0 0A        	ldy     #$0A
000C73r 1  18           	clc
000C74r 1  71 rr        	adc     (c_sp),y
000C76r 1  48           	pha
000C77r 1  A0 0F        	ldy     #$0F
000C79r 1  B1 rr        	lda     (c_sp),y
000C7Br 1  A0 0B        	ldy     #$0B
000C7Dr 1  71 rr        	adc     (c_sp),y
000C7Fr 1  68           	pla
000C80r 1  A0 01        	ldy     #$01
000C82r 1  91 rr        	sta     (c_sp),y
000C84r 1  A0 0D        	ldy     #$0D
000C86r 1  B1 rr        	lda     (c_sp),y
000C88r 1  AA           	tax
000C89r 1  88           	dey
000C8Ar 1  B1 rr        	lda     (c_sp),y
000C8Cr 1  38           	sec
000C8Dr 1  A0 08        	ldy     #$08
000C8Fr 1  F1 rr        	sbc     (c_sp),y
000C91r 1  48           	pha
000C92r 1  8A           	txa
000C93r 1  C8           	iny
000C94r 1  F1 rr        	sbc     (c_sp),y
000C96r 1  68           	pla
000C97r 1  92 rr        	sta     (c_sp)
000C99r 1  A0 14        	ldy     #$14
000C9Br 1  B1 rr        	lda     (c_sp),y
000C9Dr 1  20 rr rr     	jsr     _plot
000CA0r 1  A0 01        	ldy     #$01
000CA2r 1  B1 rr        	lda     (c_sp),y
000CA4r 1  AA           	tax
000CA5r 1  E0 80        	cpx     #$80
000CA7r 1  90 22        	bcc     L0010
000CA9r 1  A0 05        	ldy     #$05
000CABr 1  20 rr rr     	jsr     pushwysp
000CAEr 1  A0 0B        	ldy     #$0B
000CB0r 1  B1 rr        	lda     (c_sp),y
000CB2r 1  85 rr        	sta     tmp1
000CB4r 1  88           	dey
000CB5r 1  B1 rr        	lda     (c_sp),y
000CB7r 1  0A           	asl     a
000CB8r 1  26 rr        	rol     tmp1
000CBAr 1  A6 rr        	ldx     tmp1
000CBCr 1  18           	clc
000CBDr 1  69 03        	adc     #$03
000CBFr 1  90 01        	bcc     L0011
000CC1r 1  E8           	inx
000CC2r 1  20 rr rr     L0011:	jsr     tosmulax
000CC5r 1  20 rr rr     	jsr     addeq0sp
000CC8r 1  4C rr rr     	jmp     L0016
000CCBr 1  A0 01        L0010:	ldy     #$01
000CCDr 1  B1 rr        	lda     (c_sp),y
000CCFr 1  AA           	tax
000CD0r 1  B2 rr        	lda     (c_sp)
000CD2r 1  C9 01        	cmp     #$01
000CD4r 1  8A           	txa
000CD5r 1  E9 00        	sbc     #$00
000CD7r 1  70 02        	bvs     L0014
000CD9r 1  49 80        	eor     #$80
000CDBr 1  10 21        L0014:	bpl     L0013
000CDDr 1  A0 07        	ldy     #$07
000CDFr 1  20 rr rr     	jsr     pushwysp
000CE2r 1  A0 09        	ldy     #$09
000CE4r 1  B1 rr        	lda     (c_sp),y
000CE6r 1  85 rr        	sta     tmp1
000CE8r 1  88           	dey
000CE9r 1  B1 rr        	lda     (c_sp),y
000CEBr 1  0A           	asl     a
000CECr 1  26 rr        	rol     tmp1
000CEEr 1  A6 rr        	ldx     tmp1
000CF0r 1  20 rr rr     	jsr     negax
000CF3r 1  18           	clc
000CF4r 1  69 03        	adc     #$03
000CF6r 1  90 01        	bcc     L0015
000CF8r 1  E8           	inx
000CF9r 1  20 rr rr     L0015:	jsr     tosmulax
000CFCr 1  80 41        	bra     L0022
000CFEr 1  A0 05        L0013:	ldy     #$05
000D00r 1  20 rr rr     	jsr     pushwysp
000D03r 1  A0 0B        	ldy     #$0B
000D05r 1  B1 rr        	lda     (c_sp),y
000D07r 1  85 rr        	sta     tmp1
000D09r 1  88           	dey
000D0Ar 1  B1 rr        	lda     (c_sp),y
000D0Cr 1  0A           	asl     a
000D0Dr 1  26 rr        	rol     tmp1
000D0Fr 1  A6 rr        	ldx     tmp1
000D11r 1  18           	clc
000D12r 1  69 03        	adc     #$03
000D14r 1  90 01        	bcc     L0017
000D16r 1  E8           	inx
000D17r 1  20 rr rr     L0017:	jsr     tosmulax
000D1Ar 1  20 rr rr     	jsr     pushax
000D1Dr 1  A0 09        	ldy     #$09
000D1Fr 1  20 rr rr     	jsr     pushwysp
000D22r 1  A0 0B        	ldy     #$0B
000D24r 1  B1 rr        	lda     (c_sp),y
000D26r 1  85 rr        	sta     tmp1
000D28r 1  88           	dey
000D29r 1  B1 rr        	lda     (c_sp),y
000D2Br 1  0A           	asl     a
000D2Cr 1  26 rr        	rol     tmp1
000D2Er 1  A6 rr        	ldx     tmp1
000D30r 1  20 rr rr     	jsr     negax
000D33r 1  18           	clc
000D34r 1  69 03        	adc     #$03
000D36r 1  90 01        	bcc     L0018
000D38r 1  E8           	inx
000D39r 1  20 rr rr     L0018:	jsr     tosmulax
000D3Cr 1  20 rr rr     	jsr     tosaddax
000D3Fr 1  20 rr rr     L0022:	jsr     addeq0sp
000D42r 1  A2 00        	ldx     #$00
000D44r 1  A9 01        	lda     #$01
000D46r 1  A0 06        	ldy     #$06
000D48r 1  20 rr rr     	jsr     subeqysp
000D4Br 1  A0 08        L0016:	ldy     #$08
000D4Dr 1  A2 00        	ldx     #$00
000D4Fr 1  A9 01        	lda     #$01
000D51r 1  20 rr rr     	jsr     addeqysp
000D54r 1  A0 07        	ldy     #$07
000D56r 1  B1 rr        	lda     (c_sp),y
000D58r 1  30 03 4C rr  	jpl     L000D
000D5Cr 1  rr           
000D5Dr 1  A0 17        L000E:	ldy     #$17
000D5Fr 1  4C rr rr     	jmp     addysp
000D62r 1               
000D62r 1               .endproc
000D62r 1               
000D62r 1               ; ---------------------------------------------------------------
000D62r 1               ; void __near__ floodfill (unsigned char x, unsigned char y, unsigned char color)
000D62r 1               ; ---------------------------------------------------------------
000D62r 1               
000D62r 1               .segment	"CODE"
000D62r 1               
000D62r 1               .proc	_floodfill: near
000D62r 1               
000D62r 1               .segment	"CODE"
000D62r 1               
000D62r 1  20 rr rr     	jsr     pusha
000D65r 1  20 rr rr     	jsr     decsp1
000D68r 1  A0 03        	ldy     #$03
000D6Ar 1  B1 rr        	lda     (c_sp),y
000D6Cr 1  20 rr rr     	jsr     pusha
000D6Fr 1  A0 03        	ldy     #$03
000D71r 1  B1 rr        	lda     (c_sp),y
000D73r 1  20 rr rr     	jsr     _scrn
000D76r 1  92 rr        	sta     (c_sp)
000D78r 1  A0 01        	ldy     #$01
000D7Ar 1  D1 rr        	cmp     (c_sp),y
000D7Cr 1  D0 03 4C rr  	jeq     L0015
000D80r 1  rr           
000D81r 1  20 rr rr     	jsr     decsp2
000D84r 1  A0 05        	ldy     #$05
000D86r 1  B1 rr        	lda     (c_sp),y
000D88r 1  A0 01        	ldy     #$01
000D8Ar 1  91 rr        	sta     (c_sp),y
000D8Cr 1  A0 04        	ldy     #$04
000D8Er 1  B1 rr        	lda     (c_sp),y
000D90r 1  92 rr        	sta     (c_sp)
000D92r 1  88           	dey
000D93r 1  B1 rr        	lda     (c_sp),y
000D95r 1  20 rr rr     	jsr     _plot
000D98r 1  A0 03        	ldy     #$03
000D9Ar 1  B1 rr        	lda     (c_sp),y
000D9Cr 1  F0 30        	beq     L002D
000D9Er 1  38           	sec
000D9Fr 1  E9 01        	sbc     #$01
000DA1r 1  20 rr rr     	jsr     pusha
000DA4r 1  A0 03        	ldy     #$03
000DA6r 1  B1 rr        	lda     (c_sp),y
000DA8r 1  20 rr rr     	jsr     _scrn
000DABr 1  D2 rr        	cmp     (c_sp)
000DADr 1  D0 1D        	bne     L0003
000DAFr 1  8A           	txa
000DB0r 1  D0 1A        	bne     L0003
000DB2r 1  20 rr rr     	jsr     decsp2
000DB5r 1  A0 05        	ldy     #$05
000DB7r 1  B1 rr        	lda     (c_sp),y
000DB9r 1  38           	sec
000DBAr 1  E9 01        	sbc     #$01
000DBCr 1  A0 01        	ldy     #$01
000DBEr 1  91 rr        	sta     (c_sp),y
000DC0r 1  A0 04        	ldy     #$04
000DC2r 1  B1 rr        	lda     (c_sp),y
000DC4r 1  92 rr        	sta     (c_sp)
000DC6r 1  88           	dey
000DC7r 1  B1 rr        	lda     (c_sp),y
000DC9r 1  20 rr rr     	jsr     _floodfill
000DCCr 1  A0 03        L0003:	ldy     #$03
000DCEr 1  B1 rr        L002D:	lda     (c_sp),y
000DD0r 1  C9 8B        	cmp     #$8B
000DD2r 1  B0 2A        	bcs     L0009
000DD4r 1  1A           	ina
000DD5r 1  20 rr rr     	jsr     pusha
000DD8r 1  A0 03        	ldy     #$03
000DDAr 1  B1 rr        	lda     (c_sp),y
000DDCr 1  20 rr rr     	jsr     _scrn
000DDFr 1  D2 rr        	cmp     (c_sp)
000DE1r 1  D0 1B        	bne     L0009
000DE3r 1  8A           	txa
000DE4r 1  D0 18        	bne     L0009
000DE6r 1  20 rr rr     	jsr     decsp2
000DE9r 1  A0 05        	ldy     #$05
000DEBr 1  B1 rr        	lda     (c_sp),y
000DEDr 1  1A           	ina
000DEEr 1  A0 01        	ldy     #$01
000DF0r 1  91 rr        	sta     (c_sp),y
000DF2r 1  A0 04        	ldy     #$04
000DF4r 1  B1 rr        	lda     (c_sp),y
000DF6r 1  92 rr        	sta     (c_sp)
000DF8r 1  88           	dey
000DF9r 1  B1 rr        	lda     (c_sp),y
000DFBr 1  20 rr rr     	jsr     _floodfill
000DFEr 1  A0 02        L0009:	ldy     #$02
000E00r 1  B1 rr        	lda     (c_sp),y
000E02r 1  F0 33        	beq     L002E
000E04r 1  C8           	iny
000E05r 1  B1 rr        	lda     (c_sp),y
000E07r 1  20 rr rr     	jsr     pusha
000E0Ar 1  A0 03        	ldy     #$03
000E0Cr 1  B1 rr        	lda     (c_sp),y
000E0Er 1  38           	sec
000E0Fr 1  E9 01        	sbc     #$01
000E11r 1  20 rr rr     	jsr     _scrn
000E14r 1  D2 rr        	cmp     (c_sp)
000E16r 1  D0 1D        	bne     L000F
000E18r 1  8A           	txa
000E19r 1  D0 1A        	bne     L000F
000E1Br 1  20 rr rr     	jsr     decsp2
000E1Er 1  A0 05        	ldy     #$05
000E20r 1  B1 rr        	lda     (c_sp),y
000E22r 1  A0 01        	ldy     #$01
000E24r 1  91 rr        	sta     (c_sp),y
000E26r 1  A0 04        	ldy     #$04
000E28r 1  B1 rr        	lda     (c_sp),y
000E2Ar 1  38           	sec
000E2Br 1  E9 01        	sbc     #$01
000E2Dr 1  92 rr        	sta     (c_sp)
000E2Fr 1  88           	dey
000E30r 1  B1 rr        	lda     (c_sp),y
000E32r 1  20 rr rr     	jsr     _floodfill
000E35r 1  A0 02        L000F:	ldy     #$02
000E37r 1  B1 rr        L002E:	lda     (c_sp),y
000E39r 1  C9 BF        	cmp     #$BF
000E3Br 1  B0 2D        	bcs     L0015
000E3Dr 1  C8           	iny
000E3Er 1  B1 rr        	lda     (c_sp),y
000E40r 1  20 rr rr     	jsr     pusha
000E43r 1  A0 03        	ldy     #$03
000E45r 1  B1 rr        	lda     (c_sp),y
000E47r 1  1A           	ina
000E48r 1  20 rr rr     	jsr     _scrn
000E4Br 1  D2 rr        	cmp     (c_sp)
000E4Dr 1  D0 1B        	bne     L0015
000E4Fr 1  8A           	txa
000E50r 1  D0 18        	bne     L0015
000E52r 1  20 rr rr     	jsr     decsp2
000E55r 1  A0 05        	ldy     #$05
000E57r 1  B1 rr        	lda     (c_sp),y
000E59r 1  A0 01        	ldy     #$01
000E5Br 1  91 rr        	sta     (c_sp),y
000E5Dr 1  A0 04        	ldy     #$04
000E5Fr 1  B1 rr        	lda     (c_sp),y
000E61r 1  1A           	ina
000E62r 1  92 rr        	sta     (c_sp)
000E64r 1  88           	dey
000E65r 1  B1 rr        	lda     (c_sp),y
000E67r 1  20 rr rr     	jsr     _floodfill
000E6Ar 1  4C rr rr     L0015:	jmp     incsp4
000E6Dr 1               
000E6Dr 1               .endproc
000E6Dr 1               
000E6Dr 1               ; ---------------------------------------------------------------
000E6Dr 1               ; void __near__ cls_test (void)
000E6Dr 1               ; ---------------------------------------------------------------
000E6Dr 1               
000E6Dr 1               .segment	"CODE"
000E6Dr 1               
000E6Dr 1               .proc	_cls_test: near
000E6Dr 1               
000E6Dr 1               .segment	"CODE"
000E6Dr 1               
000E6Dr 1  20 rr rr     	jsr     decsp1
000E70r 1  A9 00        	lda     #$00
000E72r 1  92 rr        L0007:	sta     (c_sp)
000E74r 1  C9 10        	cmp     #$10
000E76r 1  B0 35        	bcs     L0003
000E78r 1  20 rr rr     	jsr     decsp2
000E7Br 1  A9 00        	lda     #$00
000E7Dr 1  A0 01        	ldy     #$01
000E7Fr 1  91 rr        	sta     (c_sp),y
000E81r 1  A9 15        	lda     #$15
000E83r 1  92 rr        	sta     (c_sp)
000E85r 1  C8           	iny
000E86r 1  A2 00        	ldx     #$00
000E88r 1  B1 rr        	lda     (c_sp),y
000E8Ar 1  0A           	asl     a
000E8Br 1  90 02        	bcc     L0008
000E8Dr 1  E8           	inx
000E8Er 1  18           	clc
000E8Fr 1  69 rr        L0008:	adc     #<(_DHGR_COLOR_NAMES)
000E91r 1  85 rr        	sta     ptr1
000E93r 1  8A           	txa
000E94r 1  69 rr        	adc     #>(_DHGR_COLOR_NAMES)
000E96r 1  85 rr        	sta     ptr1+1
000E98r 1  88           	dey
000E99r 1  B1 rr        	lda     (ptr1),y
000E9Br 1  AA           	tax
000E9Cr 1  B2 rr        	lda     (ptr1)
000E9Er 1  20 rr rr     	jsr     _cputsxy
000EA1r 1  B2 rr        	lda     (c_sp)
000EA3r 1  20 rr rr     	jsr     _cls
000EA6r 1  18           	clc
000EA7r 1  A9 01        	lda     #$01
000EA9r 1  72 rr        	adc     (c_sp)
000EABr 1  80 C5        	bra     L0007
000EADr 1  4C rr rr     L0003:	jmp     incsp1
000EB0r 1               
000EB0r 1               .endproc
000EB0r 1               
000EB0r 1               ; ---------------------------------------------------------------
000EB0r 1               ; void __near__ plot_test (void)
000EB0r 1               ; ---------------------------------------------------------------
000EB0r 1               
000EB0r 1               .segment	"CODE"
000EB0r 1               
000EB0r 1               .proc	_plot_test: near
000EB0r 1               
000EB0r 1               .segment	"CODE"
000EB0r 1               
000EB0r 1  20 rr rr     	jsr     decsp8
000EB3r 1  A9 00        	lda     #$00
000EB5r 1  20 rr rr     	jsr     _cls
000EB8r 1  A0 06        	ldy     #$06
000EBAr 1  A9 00        	lda     #$00
000EBCr 1  91 rr        	sta     (c_sp),y
000EBEr 1  C8           	iny
000EBFr 1  91 rr        	sta     (c_sp),y
000EC1r 1  A0 07        L0002:	ldy     #$07
000EC3r 1  B1 rr        	lda     (c_sp),y
000EC5r 1  C9 00        	cmp     #$00
000EC7r 1  D0 05        	bne     L0006
000EC9r 1  88           	dey
000ECAr 1  B1 rr        	lda     (c_sp),y
000ECCr 1  C9 8C        	cmp     #$8C
000ECEr 1  B0 4D        L0006:	bcs     L0003
000ED0r 1  A0 07        	ldy     #$07
000ED2r 1  B1 rr        	lda     (c_sp),y
000ED4r 1  AA           	tax
000ED5r 1  88           	dey
000ED6r 1  B1 rr        	lda     (c_sp),y
000ED8r 1  A0 04        	ldy     #$04
000EDAr 1  20 rr rr     	jsr     staxysp
000EDDr 1  A0 07        	ldy     #$07
000EDFr 1  B1 rr        	lda     (c_sp),y
000EE1r 1  AA           	tax
000EE2r 1  88           	dey
000EE3r 1  B1 rr        	lda     (c_sp),y
000EE5r 1  A0 02        	ldy     #$02
000EE7r 1  20 rr rr     	jsr     staxysp
000EEAr 1  20 rr rr     	jsr     _rand
000EEDr 1  20 rr rr     	jsr     pushax
000EF0r 1  A2 00        	ldx     #$00
000EF2r 1  A9 10        	lda     #$10
000EF4r 1  20 rr rr     	jsr     tosmoda0
000EF7r 1  20 rr rr     	jsr     stax0sp
000EFAr 1  20 rr rr     	jsr     decsp2
000EFDr 1  A0 06        	ldy     #$06
000EFFr 1  B1 rr        	lda     (c_sp),y
000F01r 1  A0 01        	ldy     #$01
000F03r 1  91 rr        	sta     (c_sp),y
000F05r 1  A0 04        	ldy     #$04
000F07r 1  B1 rr        	lda     (c_sp),y
000F09r 1  92 rr        	sta     (c_sp)
000F0Br 1  A0 02        	ldy     #$02
000F0Dr 1  B1 rr        	lda     (c_sp),y
000F0Fr 1  20 rr rr     	jsr     _plot
000F12r 1  A0 06        	ldy     #$06
000F14r 1  A2 00        	ldx     #$00
000F16r 1  A9 01        	lda     #$01
000F18r 1  20 rr rr     	jsr     addeqysp
000F1Br 1  80 A4        	bra     L0002
000F1Dr 1  4C rr rr     L0003:	jmp     incsp8
000F20r 1               
000F20r 1               .endproc
000F20r 1               
000F20r 1               ; ---------------------------------------------------------------
000F20r 1               ; void __near__ hline_test (void)
000F20r 1               ; ---------------------------------------------------------------
000F20r 1               
000F20r 1               .segment	"CODE"
000F20r 1               
000F20r 1               .proc	_hline_test: near
000F20r 1               
000F20r 1               .segment	"CODE"
000F20r 1               
000F20r 1  20 rr rr     	jsr     decsp2
000F23r 1  A9 00        	lda     #$00
000F25r 1  20 rr rr     	jsr     _cls
000F28r 1  A9 00        	lda     #$00
000F2Ar 1  92 rr        	sta     (c_sp)
000F2Cr 1  A0 01        	ldy     #$01
000F2Er 1  91 rr        	sta     (c_sp),y
000F30r 1  A0 01        L0002:	ldy     #$01
000F32r 1  B1 rr        	lda     (c_sp),y
000F34r 1  C9 00        	cmp     #$00
000F36r 1  D0 04        	bne     L0006
000F38r 1  B2 rr        	lda     (c_sp)
000F3Ar 1  C9 C0        	cmp     #$C0
000F3Cr 1  B0 2E        L0006:	bcs     L0003
000F3Er 1  20 rr rr     	jsr     decsp3
000F41r 1  A9 03        	lda     #$03
000F43r 1  C8           	iny
000F44r 1  91 rr        	sta     (c_sp),y
000F46r 1  A0 06        	ldy     #$06
000F48r 1  20 rr rr     	jsr     pushwysp
000F4Br 1  A9 8C        	lda     #$8C
000F4Dr 1  20 rr rr     	jsr     tosumoda0
000F50r 1  A0 01        	ldy     #$01
000F52r 1  91 rr        	sta     (c_sp),y
000F54r 1  A0 03        	ldy     #$03
000F56r 1  B1 rr        	lda     (c_sp),y
000F58r 1  92 rr        	sta     (c_sp)
000F5Ar 1  A0 03        	ldy     #$03
000F5Cr 1  B1 rr        	lda     (c_sp),y
000F5Er 1  29 0F        	and     #$0F
000F60r 1  20 rr rr     	jsr     _hline
000F63r 1  A2 00        	ldx     #$00
000F65r 1  A9 01        	lda     #$01
000F67r 1  20 rr rr     	jsr     addeq0sp
000F6Ar 1  80 C4        	bra     L0002
000F6Cr 1  4C rr rr     L0003:	jmp     incsp2
000F6Fr 1               
000F6Fr 1               .endproc
000F6Fr 1               
000F6Fr 1               ; ---------------------------------------------------------------
000F6Fr 1               ; void __near__ vline_test (void)
000F6Fr 1               ; ---------------------------------------------------------------
000F6Fr 1               
000F6Fr 1               .segment	"CODE"
000F6Fr 1               
000F6Fr 1               .proc	_vline_test: near
000F6Fr 1               
000F6Fr 1               .segment	"CODE"
000F6Fr 1               
000F6Fr 1  20 rr rr     	jsr     decsp2
000F72r 1  A9 00        	lda     #$00
000F74r 1  20 rr rr     	jsr     _cls
000F77r 1  A9 00        	lda     #$00
000F79r 1  92 rr        	sta     (c_sp)
000F7Br 1  A0 01        	ldy     #$01
000F7Dr 1  91 rr        	sta     (c_sp),y
000F7Fr 1  A0 01        L0002:	ldy     #$01
000F81r 1  B1 rr        	lda     (c_sp),y
000F83r 1  C9 00        	cmp     #$00
000F85r 1  D0 04        	bne     L0006
000F87r 1  B2 rr        	lda     (c_sp)
000F89r 1  C9 8C        	cmp     #$8C
000F8Br 1  B0 2D        L0006:	bcs     L0003
000F8Dr 1  20 rr rr     	jsr     decsp3
000F90r 1  A0 03        	ldy     #$03
000F92r 1  B1 rr        	lda     (c_sp),y
000F94r 1  88           	dey
000F95r 1  91 rr        	sta     (c_sp),y
000F97r 1  A9 00        	lda     #$00
000F99r 1  88           	dey
000F9Ar 1  91 rr        	sta     (c_sp),y
000F9Cr 1  A0 06        	ldy     #$06
000F9Er 1  20 rr rr     	jsr     pushwysp
000FA1r 1  A9 C0        	lda     #$C0
000FA3r 1  20 rr rr     	jsr     tosumoda0
000FA6r 1  92 rr        	sta     (c_sp)
000FA8r 1  A0 03        	ldy     #$03
000FAAr 1  B1 rr        	lda     (c_sp),y
000FACr 1  29 0F        	and     #$0F
000FAEr 1  20 rr rr     	jsr     _vline
000FB1r 1  A2 00        	ldx     #$00
000FB3r 1  A9 01        	lda     #$01
000FB5r 1  20 rr rr     	jsr     addeq0sp
000FB8r 1  80 C5        	bra     L0002
000FBAr 1  4C rr rr     L0003:	jmp     incsp2
000FBDr 1               
000FBDr 1               .endproc
000FBDr 1               
000FBDr 1               ; ---------------------------------------------------------------
000FBDr 1               ; void __near__ rect_test (void)
000FBDr 1               ; ---------------------------------------------------------------
000FBDr 1               
000FBDr 1               .segment	"CODE"
000FBDr 1               
000FBDr 1               .proc	_rect_test: near
000FBDr 1               
000FBDr 1               .segment	"CODE"
000FBDr 1               
000FBDr 1  A0 0A        	ldy     #$0A
000FBFr 1  20 rr rr     	jsr     subysp
000FC2r 1  A9 00        	lda     #$00
000FC4r 1  20 rr rr     	jsr     _cls
000FC7r 1  A0 08        	ldy     #$08
000FC9r 1  A9 00        	lda     #$00
000FCBr 1  91 rr        	sta     (c_sp),y
000FCDr 1  C8           	iny
000FCEr 1  91 rr        	sta     (c_sp),y
000FD0r 1  A0 09        L0002:	ldy     #$09
000FD2r 1  B1 rr        	lda     (c_sp),y
000FD4r 1  C9 00        	cmp     #$00
000FD6r 1  D0 05        	bne     L0006
000FD8r 1  88           	dey
000FD9r 1  B1 rr        	lda     (c_sp),y
000FDBr 1  C9 32        	cmp     #$32
000FDDr 1  90 03 4C rr  L0006:	jcs     L0003
000FE1r 1  rr           
000FE2r 1  20 rr rr     	jsr     _rand
000FE5r 1  20 rr rr     	jsr     pushax
000FE8r 1  A2 00        	ldx     #$00
000FEAr 1  A9 5A        	lda     #$5A
000FECr 1  20 rr rr     	jsr     tosmoda0
000FEFr 1  A0 06        	ldy     #$06
000FF1r 1  20 rr rr     	jsr     staxysp
000FF4r 1  20 rr rr     	jsr     _rand
000FF7r 1  20 rr rr     	jsr     pushax
000FFAr 1  A2 00        	ldx     #$00
000FFCr 1  A9 8E        	lda     #$8E
000FFEr 1  20 rr rr     	jsr     tosmoda0
001001r 1  A0 04        	ldy     #$04
001003r 1  20 rr rr     	jsr     staxysp
001006r 1  A0 09        	ldy     #$09
001008r 1  20 rr rr     	jsr     pushwysp
00100Br 1  20 rr rr     	jsr     _rand
00100Er 1  20 rr rr     	jsr     pushax
001011r 1  A2 00        	ldx     #$00
001013r 1  A9 32        	lda     #$32
001015r 1  20 rr rr     	jsr     tosmoda0
001018r 1  20 rr rr     	jsr     tosaddax
00101Br 1  A0 02        	ldy     #$02
00101Dr 1  20 rr rr     	jsr     staxysp
001020r 1  A0 07        	ldy     #$07
001022r 1  20 rr rr     	jsr     pushwysp
001025r 1  20 rr rr     	jsr     _rand
001028r 1  20 rr rr     	jsr     pushax
00102Br 1  A2 00        	ldx     #$00
00102Dr 1  A9 32        	lda     #$32
00102Fr 1  20 rr rr     	jsr     tosmoda0
001032r 1  20 rr rr     	jsr     tosaddax
001035r 1  20 rr rr     	jsr     stax0sp
001038r 1  20 rr rr     	jsr     decsp4
00103Br 1  A0 0A        	ldy     #$0A
00103Dr 1  B1 rr        	lda     (c_sp),y
00103Fr 1  A0 03        	ldy     #$03
001041r 1  91 rr        	sta     (c_sp),y
001043r 1  A0 08        	ldy     #$08
001045r 1  B1 rr        	lda     (c_sp),y
001047r 1  A0 02        	ldy     #$02
001049r 1  91 rr        	sta     (c_sp),y
00104Br 1  A0 06        	ldy     #$06
00104Dr 1  B1 rr        	lda     (c_sp),y
00104Fr 1  A0 01        	ldy     #$01
001051r 1  91 rr        	sta     (c_sp),y
001053r 1  A0 04        	ldy     #$04
001055r 1  B1 rr        	lda     (c_sp),y
001057r 1  92 rr        	sta     (c_sp)
001059r 1  A0 0C        	ldy     #$0C
00105Br 1  B1 rr        	lda     (c_sp),y
00105Dr 1  29 0F        	and     #$0F
00105Fr 1  20 rr rr     	jsr     _rect
001062r 1  A0 08        	ldy     #$08
001064r 1  A2 00        	ldx     #$00
001066r 1  A9 01        	lda     #$01
001068r 1  20 rr rr     	jsr     addeqysp
00106Br 1  4C rr rr     	jmp     L0002
00106Er 1  A0 0A        L0003:	ldy     #$0A
001070r 1  4C rr rr     	jmp     addysp
001073r 1               
001073r 1               .endproc
001073r 1               
001073r 1               ; ---------------------------------------------------------------
001073r 1               ; void __near__ fillrect_test (void)
001073r 1               ; ---------------------------------------------------------------
001073r 1               
001073r 1               .segment	"CODE"
001073r 1               
001073r 1               .proc	_fillrect_test: near
001073r 1               
001073r 1               .segment	"CODE"
001073r 1               
001073r 1  A0 0A        	ldy     #$0A
001075r 1  20 rr rr     	jsr     subysp
001078r 1  A9 00        	lda     #$00
00107Ar 1  20 rr rr     	jsr     _cls
00107Dr 1  A0 08        	ldy     #$08
00107Fr 1  A9 00        	lda     #$00
001081r 1  91 rr        	sta     (c_sp),y
001083r 1  C8           	iny
001084r 1  91 rr        	sta     (c_sp),y
001086r 1  A0 09        L0002:	ldy     #$09
001088r 1  B1 rr        	lda     (c_sp),y
00108Ar 1  C9 00        	cmp     #$00
00108Cr 1  D0 05        	bne     L0006
00108Er 1  88           	dey
00108Fr 1  B1 rr        	lda     (c_sp),y
001091r 1  C9 32        	cmp     #$32
001093r 1  90 03 4C rr  L0006:	jcs     L0003
001097r 1  rr           
001098r 1  20 rr rr     	jsr     _rand
00109Br 1  20 rr rr     	jsr     pushax
00109Er 1  A2 00        	ldx     #$00
0010A0r 1  A9 5A        	lda     #$5A
0010A2r 1  20 rr rr     	jsr     tosmoda0
0010A5r 1  A0 06        	ldy     #$06
0010A7r 1  20 rr rr     	jsr     staxysp
0010AAr 1  20 rr rr     	jsr     _rand
0010ADr 1  20 rr rr     	jsr     pushax
0010B0r 1  A2 00        	ldx     #$00
0010B2r 1  A9 8E        	lda     #$8E
0010B4r 1  20 rr rr     	jsr     tosmoda0
0010B7r 1  A0 04        	ldy     #$04
0010B9r 1  20 rr rr     	jsr     staxysp
0010BCr 1  A0 09        	ldy     #$09
0010BEr 1  20 rr rr     	jsr     pushwysp
0010C1r 1  20 rr rr     	jsr     _rand
0010C4r 1  20 rr rr     	jsr     pushax
0010C7r 1  A2 00        	ldx     #$00
0010C9r 1  A9 32        	lda     #$32
0010CBr 1  20 rr rr     	jsr     tosmoda0
0010CEr 1  20 rr rr     	jsr     tosaddax
0010D1r 1  A0 02        	ldy     #$02
0010D3r 1  20 rr rr     	jsr     staxysp
0010D6r 1  A0 07        	ldy     #$07
0010D8r 1  20 rr rr     	jsr     pushwysp
0010DBr 1  20 rr rr     	jsr     _rand
0010DEr 1  20 rr rr     	jsr     pushax
0010E1r 1  A2 00        	ldx     #$00
0010E3r 1  A9 32        	lda     #$32
0010E5r 1  20 rr rr     	jsr     tosmoda0
0010E8r 1  20 rr rr     	jsr     tosaddax
0010EBr 1  20 rr rr     	jsr     stax0sp
0010EEr 1  20 rr rr     	jsr     decsp4
0010F1r 1  A0 0A        	ldy     #$0A
0010F3r 1  B1 rr        	lda     (c_sp),y
0010F5r 1  A0 03        	ldy     #$03
0010F7r 1  91 rr        	sta     (c_sp),y
0010F9r 1  A0 08        	ldy     #$08
0010FBr 1  B1 rr        	lda     (c_sp),y
0010FDr 1  A0 02        	ldy     #$02
0010FFr 1  91 rr        	sta     (c_sp),y
001101r 1  A0 06        	ldy     #$06
001103r 1  B1 rr        	lda     (c_sp),y
001105r 1  A0 01        	ldy     #$01
001107r 1  91 rr        	sta     (c_sp),y
001109r 1  A0 04        	ldy     #$04
00110Br 1  B1 rr        	lda     (c_sp),y
00110Dr 1  92 rr        	sta     (c_sp)
00110Fr 1  A0 0C        	ldy     #$0C
001111r 1  B1 rr        	lda     (c_sp),y
001113r 1  29 0F        	and     #$0F
001115r 1  20 rr rr     	jsr     _fillrect
001118r 1  A0 08        	ldy     #$08
00111Ar 1  A2 00        	ldx     #$00
00111Cr 1  A9 01        	lda     #$01
00111Er 1  20 rr rr     	jsr     addeqysp
001121r 1  4C rr rr     	jmp     L0002
001124r 1  A0 0A        L0003:	ldy     #$0A
001126r 1  4C rr rr     	jmp     addysp
001129r 1               
001129r 1               .endproc
001129r 1               
001129r 1               ; ---------------------------------------------------------------
001129r 1               ; void __near__ load_image_file (char *filename)
001129r 1               ; ---------------------------------------------------------------
001129r 1               
001129r 1               .segment	"CODE"
001129r 1               
001129r 1               .proc	_load_image_file: near
001129r 1               
001129r 1               .segment	"CODE"
001129r 1               
001129r 1  20 rr rr     	jsr     pushax
00112Cr 1  20 rr rr     	jsr     decsp6
00112Fr 1  A0 07        	ldy     #$07
001131r 1  B1 rr        	lda     (c_sp),y
001133r 1  AA           	tax
001134r 1  88           	dey
001135r 1  B1 rr        	lda     (c_sp),y
001137r 1  A0 02        	ldy     #$02
001139r 1  91 rr        	sta     (c_sp),y
00113Br 1  C8           	iny
00113Cr 1  8A           	txa
00113Dr 1  91 rr        	sta     (c_sp),y
00113Fr 1  A9 01        	lda     #$01
001141r 1  92 rr        	sta     (c_sp)
001143r 1  A8           	tay
001144r 1  3A           	dea
001145r 1  91 rr        	sta     (c_sp),y
001147r 1  A0 04        	ldy     #$04
001149r 1  20 rr rr     	jsr     _open
00114Cr 1  20 rr rr     	jsr     stax0sp
00114Fr 1  8D 55 C0     	sta     $c055
001152r 1  20 rr rr     	jsr     decsp4
001155r 1  A0 05        	ldy     #$05
001157r 1  B1 rr        	lda     (c_sp),y
001159r 1  AA           	tax
00115Ar 1  88           	dey
00115Br 1  B1 rr        	lda     (c_sp),y
00115Dr 1  A0 02        	ldy     #$02
00115Fr 1  91 rr        	sta     (c_sp),y
001161r 1  C8           	iny
001162r 1  8A           	txa
001163r 1  91 rr        	sta     (c_sp),y
001165r 1  A9 00        	lda     #$00
001167r 1  92 rr        	sta     (c_sp)
001169r 1  A0 01        	ldy     #$01
00116Br 1  A9 20        	lda     #$20
00116Dr 1  91 rr        	sta     (c_sp),y
00116Fr 1  AA           	tax
001170r 1  A9 00        	lda     #$00
001172r 1  20 rr rr     	jsr     _read
001175r 1  8D 54 C0     	sta     $c054
001178r 1  20 rr rr     	jsr     decsp4
00117Br 1  A0 05        	ldy     #$05
00117Dr 1  B1 rr        	lda     (c_sp),y
00117Fr 1  AA           	tax
001180r 1  88           	dey
001181r 1  B1 rr        	lda     (c_sp),y
001183r 1  A0 02        	ldy     #$02
001185r 1  91 rr        	sta     (c_sp),y
001187r 1  C8           	iny
001188r 1  8A           	txa
001189r 1  91 rr        	sta     (c_sp),y
00118Br 1  A9 00        	lda     #$00
00118Dr 1  92 rr        	sta     (c_sp)
00118Fr 1  A0 01        	ldy     #$01
001191r 1  A9 20        	lda     #$20
001193r 1  91 rr        	sta     (c_sp),y
001195r 1  AA           	tax
001196r 1  A9 00        	lda     #$00
001198r 1  20 rr rr     	jsr     _read
00119Br 1  A0 01        	ldy     #$01
00119Dr 1  B1 rr        	lda     (c_sp),y
00119Fr 1  AA           	tax
0011A0r 1  B2 rr        	lda     (c_sp)
0011A2r 1  20 rr rr     	jsr     _close
0011A5r 1  4C rr rr     	jmp     incsp4
0011A8r 1               
0011A8r 1               .endproc
0011A8r 1               
0011A8r 1               ; ---------------------------------------------------------------
0011A8r 1               ; void __near__ image_test (void)
0011A8r 1               ; ---------------------------------------------------------------
0011A8r 1               
0011A8r 1               .segment	"CODE"
0011A8r 1               
0011A8r 1               .proc	_image_test: near
0011A8r 1               
0011A8r 1               .segment	"CODE"
0011A8r 1               
0011A8r 1  A9 rr        	lda     #<(S0037)
0011AAr 1  A2 rr        	ldx     #>(S0037)
0011ACr 1  4C rr rr     	jmp     _load_image_file
0011AFr 1               
0011AFr 1               .endproc
0011AFr 1               
0011AFr 1               ; ---------------------------------------------------------------
0011AFr 1               ; unsigned int __near__ __fastcall__ div28 (unsigned int n)
0011AFr 1               ; ---------------------------------------------------------------
0011AFr 1               
0011AFr 1               .segment	"CODE"
0011AFr 1               
0011AFr 1               .proc	_div28: near
0011AFr 1               
0011AFr 1               .segment	"CODE"
0011AFr 1               
0011AFr 1  20 rr rr     	jsr     pushax
0011B2r 1  A5 rr        	lda     regbank+4
0011B4r 1  A6 rr        	ldx     regbank+5
0011B6r 1  20 rr rr     	jsr     pushax
0011B9r 1  A0 03        	ldy     #$03
0011BBr 1  B1 rr        	lda     (c_sp),y
0011BDr 1  AA           	tax
0011BEr 1  88           	dey
0011BFr 1  B1 rr        	lda     (c_sp),y
0011C1r 1  20 rr rr     	jsr     shrax2
0011C4r 1  85 rr        	sta     regbank+4
0011C6r 1  86 rr        	stx     regbank+4+1
0011C8r 1  A5 rr        	lda     regbank+2
0011CAr 1  A6 rr        	ldx     regbank+3
0011CCr 1  20 rr rr     	jsr     pushax
0011CFr 1  A2 00        	ldx     #$00
0011D1r 1  64 rr        	stz     regbank+2
0011D3r 1  64 rr        	stz     regbank+2+1
0011D5r 1  A5 rr        	lda     regbank+4+1
0011D7r 1  C9 00        	cmp     #$00
0011D9r 1  D0 04        	bne     L0003
0011DBr 1  A5 rr        	lda     regbank+4
0011DDr 1  C9 07        	cmp     #$07
0011DFr 1  B0 04        L0003:	bcs     L0002
0011E1r 1  8A           	txa
0011E2r 1  4C rr rr     	jmp     L0001
0011E5r 1  A5 rr        L0002:	lda     regbank+4
0011E7r 1  C9 00        	cmp     #$00
0011E9r 1  A5 rr        	lda     regbank+4+1
0011EBr 1  E9 70        	sbc     #$70
0011EDr 1  90 12        	bcc     L0004
0011EFr 1  A5 rr        	lda     regbank+4
0011F1r 1  38           	sec
0011F2r 1  85 rr        	sta     regbank+4
0011F4r 1  A5 rr        	lda     regbank+4+1
0011F6r 1  E9 70        	sbc     #$70
0011F8r 1  85 rr        	sta     regbank+4+1
0011FAr 1  18           	clc
0011FBr 1  A9 10        	lda     #$10
0011FDr 1  65 rr        	adc     regbank+2+1
0011FFr 1  85 rr        	sta     regbank+2+1
001201r 1  A5 rr        L0004:	lda     regbank+4
001203r 1  C9 00        	cmp     #$00
001205r 1  A5 rr        	lda     regbank+4+1
001207r 1  E9 38        	sbc     #$38
001209r 1  90 12        	bcc     L0005
00120Br 1  A5 rr        	lda     regbank+4
00120Dr 1  38           	sec
00120Er 1  85 rr        	sta     regbank+4
001210r 1  A5 rr        	lda     regbank+4+1
001212r 1  E9 38        	sbc     #$38
001214r 1  85 rr        	sta     regbank+4+1
001216r 1  18           	clc
001217r 1  A9 08        	lda     #$08
001219r 1  65 rr        	adc     regbank+2+1
00121Br 1  85 rr        	sta     regbank+2+1
00121Dr 1  A5 rr        L0005:	lda     regbank+4
00121Fr 1  C9 00        	cmp     #$00
001221r 1  A5 rr        	lda     regbank+4+1
001223r 1  E9 1C        	sbc     #$1C
001225r 1  90 12        	bcc     L0006
001227r 1  A5 rr        	lda     regbank+4
001229r 1  38           	sec
00122Ar 1  85 rr        	sta     regbank+4
00122Cr 1  A5 rr        	lda     regbank+4+1
00122Er 1  E9 1C        	sbc     #$1C
001230r 1  85 rr        	sta     regbank+4+1
001232r 1  18           	clc
001233r 1  A9 04        	lda     #$04
001235r 1  65 rr        	adc     regbank+2+1
001237r 1  85 rr        	sta     regbank+2+1
001239r 1  A5 rr        L0006:	lda     regbank+4
00123Br 1  C9 00        	cmp     #$00
00123Dr 1  A5 rr        	lda     regbank+4+1
00123Fr 1  E9 0E        	sbc     #$0E
001241r 1  90 12        	bcc     L0007
001243r 1  A5 rr        	lda     regbank+4
001245r 1  38           	sec
001246r 1  85 rr        	sta     regbank+4
001248r 1  A5 rr        	lda     regbank+4+1
00124Ar 1  E9 0E        	sbc     #$0E
00124Cr 1  85 rr        	sta     regbank+4+1
00124Er 1  18           	clc
00124Fr 1  A9 02        	lda     #$02
001251r 1  65 rr        	adc     regbank+2+1
001253r 1  85 rr        	sta     regbank+2+1
001255r 1  A5 rr        L0007:	lda     regbank+4
001257r 1  C9 00        	cmp     #$00
001259r 1  A5 rr        	lda     regbank+4+1
00125Br 1  E9 07        	sbc     #$07
00125Dr 1  90 12        	bcc     L0008
00125Fr 1  A5 rr        	lda     regbank+4
001261r 1  38           	sec
001262r 1  85 rr        	sta     regbank+4
001264r 1  A5 rr        	lda     regbank+4+1
001266r 1  E9 07        	sbc     #$07
001268r 1  85 rr        	sta     regbank+4+1
00126Ar 1  18           	clc
00126Br 1  A9 01        	lda     #$01
00126Dr 1  65 rr        	adc     regbank+2+1
00126Fr 1  85 rr        	sta     regbank+2+1
001271r 1  A5 rr        L0008:	lda     regbank+4
001273r 1  C9 80        	cmp     #$80
001275r 1  A5 rr        	lda     regbank+4+1
001277r 1  E9 03        	sbc     #$03
001279r 1  90 18        	bcc     L0009
00127Br 1  A5 rr        	lda     regbank+4
00127Dr 1  38           	sec
00127Er 1  E9 80        	sbc     #$80
001280r 1  85 rr        	sta     regbank+4
001282r 1  A5 rr        	lda     regbank+4+1
001284r 1  E9 03        	sbc     #$03
001286r 1  85 rr        	sta     regbank+4+1
001288r 1  A9 80        	lda     #$80
00128Ar 1  18           	clc
00128Br 1  65 rr        	adc     regbank+2
00128Dr 1  85 rr        	sta     regbank+2
00128Fr 1  90 02        	bcc     L0009
001291r 1  E6 rr        	inc     regbank+2+1
001293r 1  A5 rr        L0009:	lda     regbank+4
001295r 1  C9 C0        	cmp     #$C0
001297r 1  A5 rr        	lda     regbank+4+1
001299r 1  E9 01        	sbc     #$01
00129Br 1  90 18        	bcc     L000B
00129Dr 1  A5 rr        	lda     regbank+4
00129Fr 1  38           	sec
0012A0r 1  E9 C0        	sbc     #$C0
0012A2r 1  85 rr        	sta     regbank+4
0012A4r 1  A5 rr        	lda     regbank+4+1
0012A6r 1  E9 01        	sbc     #$01
0012A8r 1  85 rr        	sta     regbank+4+1
0012AAr 1  A9 40        	lda     #$40
0012ACr 1  18           	clc
0012ADr 1  65 rr        	adc     regbank+2
0012AFr 1  85 rr        	sta     regbank+2
0012B1r 1  90 02        	bcc     L000B
0012B3r 1  E6 rr        	inc     regbank+2+1
0012B5r 1  A5 rr        L000B:	lda     regbank+4
0012B7r 1  C9 E0        	cmp     #$E0
0012B9r 1  A5 rr        	lda     regbank+4+1
0012BBr 1  E9 00        	sbc     #$00
0012BDr 1  90 16        	bcc     L000D
0012BFr 1  A5 rr        	lda     regbank+4
0012C1r 1  38           	sec
0012C2r 1  E9 E0        	sbc     #$E0
0012C4r 1  85 rr        	sta     regbank+4
0012C6r 1  B0 02        	bcs     L000E
0012C8r 1  C6 rr        	dec     regbank+4+1
0012CAr 1  A9 20        L000E:	lda     #$20
0012CCr 1  18           	clc
0012CDr 1  65 rr        	adc     regbank+2
0012CFr 1  85 rr        	sta     regbank+2
0012D1r 1  90 02        	bcc     L000D
0012D3r 1  E6 rr        	inc     regbank+2+1
0012D5r 1  A5 rr        L000D:	lda     regbank+4
0012D7r 1  C9 70        	cmp     #$70
0012D9r 1  A5 rr        	lda     regbank+4+1
0012DBr 1  E9 00        	sbc     #$00
0012DDr 1  90 16        	bcc     L0010
0012DFr 1  A5 rr        	lda     regbank+4
0012E1r 1  38           	sec
0012E2r 1  E9 70        	sbc     #$70
0012E4r 1  85 rr        	sta     regbank+4
0012E6r 1  B0 02        	bcs     L0011
0012E8r 1  C6 rr        	dec     regbank+4+1
0012EAr 1  A9 10        L0011:	lda     #$10
0012ECr 1  18           	clc
0012EDr 1  65 rr        	adc     regbank+2
0012EFr 1  85 rr        	sta     regbank+2
0012F1r 1  90 02        	bcc     L0010
0012F3r 1  E6 rr        	inc     regbank+2+1
0012F5r 1  A5 rr        L0010:	lda     regbank+4
0012F7r 1  C9 38        	cmp     #$38
0012F9r 1  A5 rr        	lda     regbank+4+1
0012FBr 1  E9 00        	sbc     #$00
0012FDr 1  90 16        	bcc     L0013
0012FFr 1  A5 rr        	lda     regbank+4
001301r 1  38           	sec
001302r 1  E9 38        	sbc     #$38
001304r 1  85 rr        	sta     regbank+4
001306r 1  B0 02        	bcs     L0014
001308r 1  C6 rr        	dec     regbank+4+1
00130Ar 1  A9 08        L0014:	lda     #$08
00130Cr 1  18           	clc
00130Dr 1  65 rr        	adc     regbank+2
00130Fr 1  85 rr        	sta     regbank+2
001311r 1  90 02        	bcc     L0013
001313r 1  E6 rr        	inc     regbank+2+1
001315r 1  A5 rr        L0013:	lda     regbank+4
001317r 1  C9 1C        	cmp     #$1C
001319r 1  A5 rr        	lda     regbank+4+1
00131Br 1  E9 00        	sbc     #$00
00131Dr 1  90 16        	bcc     L0016
00131Fr 1  A5 rr        	lda     regbank+4
001321r 1  38           	sec
001322r 1  E9 1C        	sbc     #$1C
001324r 1  85 rr        	sta     regbank+4
001326r 1  B0 02        	bcs     L0017
001328r 1  C6 rr        	dec     regbank+4+1
00132Ar 1  A9 04        L0017:	lda     #$04
00132Cr 1  18           	clc
00132Dr 1  65 rr        	adc     regbank+2
00132Fr 1  85 rr        	sta     regbank+2
001331r 1  90 02        	bcc     L0016
001333r 1  E6 rr        	inc     regbank+2+1
001335r 1  A5 rr        L0016:	lda     regbank+4
001337r 1  C9 0E        	cmp     #$0E
001339r 1  A5 rr        	lda     regbank+4+1
00133Br 1  E9 00        	sbc     #$00
00133Dr 1  90 16        	bcc     L0019
00133Fr 1  A5 rr        	lda     regbank+4
001341r 1  38           	sec
001342r 1  E9 0E        	sbc     #$0E
001344r 1  85 rr        	sta     regbank+4
001346r 1  B0 02        	bcs     L001A
001348r 1  C6 rr        	dec     regbank+4+1
00134Ar 1  A9 02        L001A:	lda     #$02
00134Cr 1  18           	clc
00134Dr 1  65 rr        	adc     regbank+2
00134Fr 1  85 rr        	sta     regbank+2
001351r 1  90 02        	bcc     L0019
001353r 1  E6 rr        	inc     regbank+2+1
001355r 1  A5 rr        L0019:	lda     regbank+4
001357r 1  C9 07        	cmp     #$07
001359r 1  A5 rr        	lda     regbank+4+1
00135Br 1  E9 00        	sbc     #$00
00135Dr 1  90 11        	bcc     L001C
00135Fr 1  A5 rr        	lda     regbank+4
001361r 1  38           	sec
001362r 1  E9 07        	sbc     #$07
001364r 1  85 rr        	sta     regbank+4
001366r 1  B0 02        	bcs     L001D
001368r 1  C6 rr        	dec     regbank+4+1
00136Ar 1  E6 rr        L001D:	inc     regbank+2
00136Cr 1  D0 02        	bne     L001C
00136Er 1  E6 rr        	inc     regbank+2+1
001370r 1  A5 rr        L001C:	lda     regbank+2
001372r 1  A6 rr        	ldx     regbank+2+1
001374r 1  48           L0001:	pha
001375r 1  A0 00        	ldy     #$00
001377r 1  B1 rr        L001F:	lda     (c_sp),y
001379r 1  99 rr rr     	sta     regbank+2,y
00137Cr 1  C8           	iny
00137Dr 1  C0 04        	cpy     #$04
00137Fr 1  D0 F6        	bne     L001F
001381r 1  68           	pla
001382r 1  4C rr rr     	jmp     incsp6
001385r 1               
001385r 1               .endproc
001385r 1               
001385r 1               ; ---------------------------------------------------------------
001385r 1               ; unsigned int __near__ __fastcall__ mod28 (unsigned int n)
001385r 1               ; ---------------------------------------------------------------
001385r 1               
001385r 1               .segment	"CODE"
001385r 1               
001385r 1               .proc	_mod28: near
001385r 1               
001385r 1               .segment	"CODE"
001385r 1               
001385r 1  20 rr rr     	jsr     pushax
001388r 1  A5 rr        	lda     regbank+4
00138Ar 1  A6 rr        	ldx     regbank+5
00138Cr 1  20 rr rr     	jsr     pushax
00138Fr 1  A0 03        	ldy     #$03
001391r 1  B1 rr        	lda     (c_sp),y
001393r 1  AA           	tax
001394r 1  88           	dey
001395r 1  B1 rr        	lda     (c_sp),y
001397r 1  20 rr rr     	jsr     _div28
00139Ar 1  85 rr        	sta     regbank+4
00139Cr 1  86 rr        	stx     regbank+4+1
00139Er 1  A5 rr        	lda     regbank+2
0013A0r 1  A6 rr        	ldx     regbank+3
0013A2r 1  20 rr rr     	jsr     pushax
0013A5r 1  A0 05        	ldy     #$05
0013A7r 1  B1 rr        	lda     (c_sp),y
0013A9r 1  85 rr        	sta     regbank+2+1
0013ABr 1  88           	dey
0013ACr 1  B1 rr        	lda     (c_sp),y
0013AEr 1  85 rr        	sta     regbank+2
0013B0r 1  A5 rr        	lda     regbank+0
0013B2r 1  A6 rr        	ldx     regbank+1
0013B4r 1  20 rr rr     	jsr     pushax
0013B7r 1  A5 rr        	lda     regbank+4
0013B9r 1  A6 rr        	ldx     regbank+4+1
0013BBr 1  20 rr rr     	jsr     shlax4
0013BEr 1  85 rr        	sta     regbank+0
0013C0r 1  86 rr        	stx     regbank+0+1
0013C2r 1  49 FF        	eor     #$FF
0013C4r 1  38           	sec
0013C5r 1  65 rr        	adc     regbank+2
0013C7r 1  85 rr        	sta     regbank+2
0013C9r 1  8A           	txa
0013CAr 1  49 FF        	eor     #$FF
0013CCr 1  65 rr        	adc     regbank+2+1
0013CEr 1  85 rr        	sta     regbank+2+1
0013D0r 1  A5 rr        	lda     regbank+4
0013D2r 1  A6 rr        	ldx     regbank+4+1
0013D4r 1  20 rr rr     	jsr     shlax3
0013D7r 1  85 rr        	sta     regbank+0
0013D9r 1  86 rr        	stx     regbank+0+1
0013DBr 1  49 FF        	eor     #$FF
0013DDr 1  38           	sec
0013DEr 1  65 rr        	adc     regbank+2
0013E0r 1  85 rr        	sta     regbank+2
0013E2r 1  8A           	txa
0013E3r 1  49 FF        	eor     #$FF
0013E5r 1  65 rr        	adc     regbank+2+1
0013E7r 1  85 rr        	sta     regbank+2+1
0013E9r 1  A5 rr        	lda     regbank+4
0013EBr 1  A6 rr        	ldx     regbank+4+1
0013EDr 1  20 rr rr     	jsr     shlax2
0013F0r 1  85 rr        	sta     regbank+0
0013F2r 1  86 rr        	stx     regbank+0+1
0013F4r 1  49 FF        	eor     #$FF
0013F6r 1  38           	sec
0013F7r 1  65 rr        	adc     regbank+2
0013F9r 1  85 rr        	sta     regbank+2
0013FBr 1  8A           	txa
0013FCr 1  49 FF        	eor     #$FF
0013FEr 1  65 rr        	adc     regbank+2+1
001400r 1  85 rr        	sta     regbank+2+1
001402r 1  80 0B        	bra     L0004
001404r 1  A5 rr        L0002:	lda     regbank+2
001406r 1  38           	sec
001407r 1  E9 1C        	sbc     #$1C
001409r 1  85 rr        	sta     regbank+2
00140Br 1  B0 02        	bcs     L0004
00140Dr 1  C6 rr        	dec     regbank+2+1
00140Fr 1  A5 rr        L0004:	lda     regbank+2
001411r 1  C9 1C        	cmp     #$1C
001413r 1  A5 rr        	lda     regbank+2+1
001415r 1  E9 00        	sbc     #$00
001417r 1  B0 EB        	bcs     L0002
001419r 1  A5 rr        	lda     regbank+2
00141Br 1  A6 rr        	ldx     regbank+2+1
00141Dr 1  48           	pha
00141Er 1  A0 00        	ldy     #$00
001420r 1  B1 rr        L0006:	lda     (c_sp),y
001422r 1  99 rr rr     	sta     regbank+0,y
001425r 1  C8           	iny
001426r 1  C0 06        	cpy     #$06
001428r 1  D0 F6        	bne     L0006
00142Ar 1  68           	pla
00142Br 1  4C rr rr     	jmp     incsp8
00142Er 1               
00142Er 1               .endproc
00142Er 1               
00142Er 1               ; ---------------------------------------------------------------
00142Er 1               ; unsigned int __near__ __fastcall__ div21 (unsigned int n)
00142Er 1               ; ---------------------------------------------------------------
00142Er 1               
00142Er 1               .segment	"CODE"
00142Er 1               
00142Er 1               .proc	_div21: near
00142Er 1               
00142Er 1               .segment	"CODE"
00142Er 1               
00142Er 1  20 rr rr     	jsr     pushax
001431r 1  A5 rr        	lda     regbank+4
001433r 1  A6 rr        	ldx     regbank+5
001435r 1  20 rr rr     	jsr     pushax
001438r 1  A2 00        	ldx     #$00
00143Ar 1  64 rr        	stz     regbank+4
00143Cr 1  64 rr        	stz     regbank+4+1
00143Er 1  A0 03        	ldy     #$03
001440r 1  B1 rr        	lda     (c_sp),y
001442r 1  C9 00        	cmp     #$00
001444r 1  D0 05        	bne     L0003
001446r 1  88           	dey
001447r 1  B1 rr        	lda     (c_sp),y
001449r 1  C9 15        	cmp     #$15
00144Br 1  B0 04        L0003:	bcs     L0002
00144Dr 1  8A           	txa
00144Er 1  4C rr rr     	jmp     L0001
001451r 1  A0 03        L0002:	ldy     #$03
001453r 1  B1 rr        	lda     (c_sp),y
001455r 1  AA           	tax
001456r 1  88           	dey
001457r 1  B1 rr        	lda     (c_sp),y
001459r 1  C9 00        	cmp     #$00
00145Br 1  8A           	txa
00145Cr 1  E9 A8        	sbc     #$A8
00145Er 1  90 0E        	bcc     L0004
001460r 1  A2 A8        	ldx     #$A8
001462r 1  A9 00        	lda     #$00
001464r 1  20 rr rr     	jsr     subeqysp
001467r 1  18           	clc
001468r 1  A9 08        	lda     #$08
00146Ar 1  65 rr        	adc     regbank+4+1
00146Cr 1  85 rr        	sta     regbank+4+1
00146Er 1  A0 03        L0004:	ldy     #$03
001470r 1  B1 rr        	lda     (c_sp),y
001472r 1  AA           	tax
001473r 1  88           	dey
001474r 1  B1 rr        	lda     (c_sp),y
001476r 1  C9 00        	cmp     #$00
001478r 1  8A           	txa
001479r 1  E9 54        	sbc     #$54
00147Br 1  90 0E        	bcc     L0005
00147Dr 1  A2 54        	ldx     #$54
00147Fr 1  A9 00        	lda     #$00
001481r 1  20 rr rr     	jsr     subeqysp
001484r 1  18           	clc
001485r 1  A9 04        	lda     #$04
001487r 1  65 rr        	adc     regbank+4+1
001489r 1  85 rr        	sta     regbank+4+1
00148Br 1  A0 03        L0005:	ldy     #$03
00148Dr 1  B1 rr        	lda     (c_sp),y
00148Fr 1  AA           	tax
001490r 1  88           	dey
001491r 1  B1 rr        	lda     (c_sp),y
001493r 1  C9 00        	cmp     #$00
001495r 1  8A           	txa
001496r 1  E9 2A        	sbc     #$2A
001498r 1  90 0E        	bcc     L0006
00149Ar 1  A2 2A        	ldx     #$2A
00149Cr 1  A9 00        	lda     #$00
00149Er 1  20 rr rr     	jsr     subeqysp
0014A1r 1  18           	clc
0014A2r 1  A9 02        	lda     #$02
0014A4r 1  65 rr        	adc     regbank+4+1
0014A6r 1  85 rr        	sta     regbank+4+1
0014A8r 1  A0 03        L0006:	ldy     #$03
0014AAr 1  B1 rr        	lda     (c_sp),y
0014ACr 1  AA           	tax
0014ADr 1  88           	dey
0014AEr 1  B1 rr        	lda     (c_sp),y
0014B0r 1  C9 00        	cmp     #$00
0014B2r 1  8A           	txa
0014B3r 1  E9 15        	sbc     #$15
0014B5r 1  90 0E        	bcc     L0007
0014B7r 1  A2 15        	ldx     #$15
0014B9r 1  A9 00        	lda     #$00
0014BBr 1  20 rr rr     	jsr     subeqysp
0014BEr 1  18           	clc
0014BFr 1  A9 01        	lda     #$01
0014C1r 1  65 rr        	adc     regbank+4+1
0014C3r 1  85 rr        	sta     regbank+4+1
0014C5r 1  A0 03        L0007:	ldy     #$03
0014C7r 1  B1 rr        	lda     (c_sp),y
0014C9r 1  AA           	tax
0014CAr 1  88           	dey
0014CBr 1  B1 rr        	lda     (c_sp),y
0014CDr 1  C9 80        	cmp     #$80
0014CFr 1  8A           	txa
0014D0r 1  E9 0A        	sbc     #$0A
0014D2r 1  90 12        	bcc     L0008
0014D4r 1  A2 0A        	ldx     #$0A
0014D6r 1  A9 80        	lda     #$80
0014D8r 1  20 rr rr     	jsr     subeqysp
0014DBr 1  A9 80        	lda     #$80
0014DDr 1  18           	clc
0014DEr 1  65 rr        	adc     regbank+4
0014E0r 1  85 rr        	sta     regbank+4
0014E2r 1  90 02        	bcc     L0008
0014E4r 1  E6 rr        	inc     regbank+4+1
0014E6r 1  A0 03        L0008:	ldy     #$03
0014E8r 1  B1 rr        	lda     (c_sp),y
0014EAr 1  AA           	tax
0014EBr 1  88           	dey
0014ECr 1  B1 rr        	lda     (c_sp),y
0014EEr 1  C9 40        	cmp     #$40
0014F0r 1  8A           	txa
0014F1r 1  E9 05        	sbc     #$05
0014F3r 1  90 12        	bcc     L000A
0014F5r 1  A2 05        	ldx     #$05
0014F7r 1  A9 40        	lda     #$40
0014F9r 1  20 rr rr     	jsr     subeqysp
0014FCr 1  A9 40        	lda     #$40
0014FEr 1  18           	clc
0014FFr 1  65 rr        	adc     regbank+4
001501r 1  85 rr        	sta     regbank+4
001503r 1  90 02        	bcc     L000A
001505r 1  E6 rr        	inc     regbank+4+1
001507r 1  A0 03        L000A:	ldy     #$03
001509r 1  B1 rr        	lda     (c_sp),y
00150Br 1  AA           	tax
00150Cr 1  88           	dey
00150Dr 1  B1 rr        	lda     (c_sp),y
00150Fr 1  C9 A0        	cmp     #$A0
001511r 1  8A           	txa
001512r 1  E9 02        	sbc     #$02
001514r 1  90 12        	bcc     L000C
001516r 1  A2 02        	ldx     #$02
001518r 1  A9 A0        	lda     #$A0
00151Ar 1  20 rr rr     	jsr     subeqysp
00151Dr 1  A9 20        	lda     #$20
00151Fr 1  18           	clc
001520r 1  65 rr        	adc     regbank+4
001522r 1  85 rr        	sta     regbank+4
001524r 1  90 02        	bcc     L000C
001526r 1  E6 rr        	inc     regbank+4+1
001528r 1  A0 03        L000C:	ldy     #$03
00152Ar 1  B1 rr        	lda     (c_sp),y
00152Cr 1  AA           	tax
00152Dr 1  88           	dey
00152Er 1  B1 rr        	lda     (c_sp),y
001530r 1  C9 50        	cmp     #$50
001532r 1  8A           	txa
001533r 1  E9 01        	sbc     #$01
001535r 1  90 12        	bcc     L000E
001537r 1  A2 01        	ldx     #$01
001539r 1  A9 50        	lda     #$50
00153Br 1  20 rr rr     	jsr     subeqysp
00153Er 1  A9 10        	lda     #$10
001540r 1  18           	clc
001541r 1  65 rr        	adc     regbank+4
001543r 1  85 rr        	sta     regbank+4
001545r 1  90 02        	bcc     L000E
001547r 1  E6 rr        	inc     regbank+4+1
001549r 1  A0 03        L000E:	ldy     #$03
00154Br 1  B1 rr        	lda     (c_sp),y
00154Dr 1  AA           	tax
00154Er 1  88           	dey
00154Fr 1  B1 rr        	lda     (c_sp),y
001551r 1  C9 A8        	cmp     #$A8
001553r 1  8A           	txa
001554r 1  E9 00        	sbc     #$00
001556r 1  90 12        	bcc     L0010
001558r 1  A2 00        	ldx     #$00
00155Ar 1  A9 A8        	lda     #$A8
00155Cr 1  20 rr rr     	jsr     subeqysp
00155Fr 1  A9 08        	lda     #$08
001561r 1  18           	clc
001562r 1  65 rr        	adc     regbank+4
001564r 1  85 rr        	sta     regbank+4
001566r 1  90 02        	bcc     L0010
001568r 1  E6 rr        	inc     regbank+4+1
00156Ar 1  A0 03        L0010:	ldy     #$03
00156Cr 1  B1 rr        	lda     (c_sp),y
00156Er 1  AA           	tax
00156Fr 1  88           	dey
001570r 1  B1 rr        	lda     (c_sp),y
001572r 1  C9 54        	cmp     #$54
001574r 1  8A           	txa
001575r 1  E9 00        	sbc     #$00
001577r 1  90 12        	bcc     L0012
001579r 1  A2 00        	ldx     #$00
00157Br 1  A9 54        	lda     #$54
00157Dr 1  20 rr rr     	jsr     subeqysp
001580r 1  A9 04        	lda     #$04
001582r 1  18           	clc
001583r 1  65 rr        	adc     regbank+4
001585r 1  85 rr        	sta     regbank+4
001587r 1  90 02        	bcc     L0012
001589r 1  E6 rr        	inc     regbank+4+1
00158Br 1  A0 03        L0012:	ldy     #$03
00158Dr 1  B1 rr        	lda     (c_sp),y
00158Fr 1  AA           	tax
001590r 1  88           	dey
001591r 1  B1 rr        	lda     (c_sp),y
001593r 1  C9 2A        	cmp     #$2A
001595r 1  8A           	txa
001596r 1  E9 00        	sbc     #$00
001598r 1  90 12        	bcc     L0014
00159Ar 1  A2 00        	ldx     #$00
00159Cr 1  A9 2A        	lda     #$2A
00159Er 1  20 rr rr     	jsr     subeqysp
0015A1r 1  A9 02        	lda     #$02
0015A3r 1  18           	clc
0015A4r 1  65 rr        	adc     regbank+4
0015A6r 1  85 rr        	sta     regbank+4
0015A8r 1  90 02        	bcc     L0014
0015AAr 1  E6 rr        	inc     regbank+4+1
0015ACr 1  A0 03        L0014:	ldy     #$03
0015AEr 1  B1 rr        	lda     (c_sp),y
0015B0r 1  AA           	tax
0015B1r 1  88           	dey
0015B2r 1  B1 rr        	lda     (c_sp),y
0015B4r 1  C9 15        	cmp     #$15
0015B6r 1  8A           	txa
0015B7r 1  E9 00        	sbc     #$00
0015B9r 1  90 0D        	bcc     L0016
0015BBr 1  A2 00        	ldx     #$00
0015BDr 1  A9 15        	lda     #$15
0015BFr 1  20 rr rr     	jsr     subeqysp
0015C2r 1  E6 rr        	inc     regbank+4
0015C4r 1  D0 02        	bne     L0016
0015C6r 1  E6 rr        	inc     regbank+4+1
0015C8r 1  A5 rr        L0016:	lda     regbank+4
0015CAr 1  A6 rr        	ldx     regbank+4+1
0015CCr 1  48           L0001:	pha
0015CDr 1  B2 rr        	lda     (c_sp)
0015CFr 1  85 rr        	sta     regbank+4
0015D1r 1  A0 01        	ldy     #$01
0015D3r 1  B1 rr        	lda     (c_sp),y
0015D5r 1  85 rr        	sta     regbank+5
0015D7r 1  68           	pla
0015D8r 1  4C rr rr     	jmp     incsp4
0015DBr 1               
0015DBr 1               .endproc
0015DBr 1               
0015DBr 1               ; ---------------------------------------------------------------
0015DBr 1               ; unsigned int __near__ __fastcall__ mod21 (unsigned int n)
0015DBr 1               ; ---------------------------------------------------------------
0015DBr 1               
0015DBr 1               .segment	"CODE"
0015DBr 1               
0015DBr 1               .proc	_mod21: near
0015DBr 1               
0015DBr 1               .segment	"CODE"
0015DBr 1               
0015DBr 1  20 rr rr     	jsr     pushax
0015DEr 1  A5 rr        	lda     regbank+4
0015E0r 1  A6 rr        	ldx     regbank+5
0015E2r 1  20 rr rr     	jsr     pushax
0015E5r 1  A0 03        	ldy     #$03
0015E7r 1  B1 rr        	lda     (c_sp),y
0015E9r 1  AA           	tax
0015EAr 1  88           	dey
0015EBr 1  B1 rr        	lda     (c_sp),y
0015EDr 1  20 rr rr     	jsr     _div21
0015F0r 1  85 rr        	sta     regbank+4
0015F2r 1  86 rr        	stx     regbank+4+1
0015F4r 1  A5 rr        	lda     regbank+2
0015F6r 1  A6 rr        	ldx     regbank+3
0015F8r 1  20 rr rr     	jsr     pushax
0015FBr 1  A0 05        	ldy     #$05
0015FDr 1  B1 rr        	lda     (c_sp),y
0015FFr 1  85 rr        	sta     regbank+2+1
001601r 1  88           	dey
001602r 1  B1 rr        	lda     (c_sp),y
001604r 1  85 rr        	sta     regbank+2
001606r 1  A5 rr        	lda     regbank+0
001608r 1  A6 rr        	ldx     regbank+1
00160Ar 1  20 rr rr     	jsr     pushax
00160Dr 1  A5 rr        	lda     regbank+4
00160Fr 1  A6 rr        	ldx     regbank+4+1
001611r 1  20 rr rr     	jsr     shlax4
001614r 1  85 rr        	sta     regbank+0
001616r 1  86 rr        	stx     regbank+0+1
001618r 1  49 FF        	eor     #$FF
00161Ar 1  38           	sec
00161Br 1  65 rr        	adc     regbank+2
00161Dr 1  85 rr        	sta     regbank+2
00161Fr 1  8A           	txa
001620r 1  49 FF        	eor     #$FF
001622r 1  65 rr        	adc     regbank+2+1
001624r 1  85 rr        	sta     regbank+2+1
001626r 1  A5 rr        	lda     regbank+4
001628r 1  A6 rr        	ldx     regbank+4+1
00162Ar 1  20 rr rr     	jsr     shlax2
00162Dr 1  85 rr        	sta     regbank+0
00162Fr 1  86 rr        	stx     regbank+0+1
001631r 1  49 FF        	eor     #$FF
001633r 1  38           	sec
001634r 1  65 rr        	adc     regbank+2
001636r 1  85 rr        	sta     regbank+2
001638r 1  8A           	txa
001639r 1  49 FF        	eor     #$FF
00163Br 1  65 rr        	adc     regbank+2+1
00163Dr 1  85 rr        	sta     regbank+2+1
00163Fr 1  A5 rr        	lda     regbank+4
001641r 1  49 FF        	eor     #$FF
001643r 1  38           	sec
001644r 1  65 rr        	adc     regbank+2
001646r 1  85 rr        	sta     regbank+2
001648r 1  A5 rr        	lda     regbank+4+1
00164Ar 1  49 FF        	eor     #$FF
00164Cr 1  65 rr        	adc     regbank+2+1
00164Er 1  85 rr        	sta     regbank+2+1
001650r 1  80 0B        	bra     L0004
001652r 1  A5 rr        L0002:	lda     regbank+2
001654r 1  38           	sec
001655r 1  E9 15        	sbc     #$15
001657r 1  85 rr        	sta     regbank+2
001659r 1  B0 02        	bcs     L0004
00165Br 1  C6 rr        	dec     regbank+2+1
00165Dr 1  A5 rr        L0004:	lda     regbank+2
00165Fr 1  C9 15        	cmp     #$15
001661r 1  A5 rr        	lda     regbank+2+1
001663r 1  E9 00        	sbc     #$00
001665r 1  B0 EB        	bcs     L0002
001667r 1  A5 rr        	lda     regbank+2
001669r 1  A6 rr        	ldx     regbank+2+1
00166Br 1  48           	pha
00166Cr 1  A0 00        	ldy     #$00
00166Er 1  B1 rr        L0006:	lda     (c_sp),y
001670r 1  99 rr rr     	sta     regbank+0,y
001673r 1  C8           	iny
001674r 1  C0 06        	cpy     #$06
001676r 1  D0 F6        	bne     L0006
001678r 1  68           	pla
001679r 1  4C rr rr     	jmp     incsp8
00167Cr 1               
00167Cr 1               .endproc
00167Cr 1               
00167Cr 1               ; ---------------------------------------------------------------
00167Cr 1               ; void __near__ __fastcall__ decomposeHangul (unsigned int syllable, unsigned char *choseong, unsigned char *jungseong, unsigned char *jongseong)
00167Cr 1               ; ---------------------------------------------------------------
00167Cr 1               
00167Cr 1               .segment	"CODE"
00167Cr 1               
00167Cr 1               .proc	_decomposeHangul: near
00167Cr 1               
00167Cr 1               .segment	"CODE"
00167Cr 1               
00167Cr 1  20 rr rr     	jsr     pushax
00167Fr 1  A5 rr        	lda     regbank+4
001681r 1  A6 rr        	ldx     regbank+5
001683r 1  20 rr rr     	jsr     pushax
001686r 1  A5 rr        	lda     regbank+2
001688r 1  A6 rr        	ldx     regbank+3
00168Ar 1  20 rr rr     	jsr     pushax
00168Dr 1  A0 0B        	ldy     #$0B
00168Fr 1  B1 rr        	lda     (c_sp),y
001691r 1  AA           	tax
001692r 1  88           	dey
001693r 1  E0 AC        	cpx     #$AC
001695r 1  90 5B        	bcc     L0001
001697r 1  C8           	iny
001698r 1  B1 rr        	lda     (c_sp),y
00169Ar 1  AA           	tax
00169Br 1  88           	dey
00169Cr 1  B1 rr        	lda     (c_sp),y
00169Er 1  C9 A4        	cmp     #$A4
0016A0r 1  8A           	txa
0016A1r 1  E9 D7        	sbc     #$D7
0016A3r 1  B0 4D        	bcs     L0001
0016A5r 1  C8           	iny
0016A6r 1  B1 rr        	lda     (c_sp),y
0016A8r 1  AA           	tax
0016A9r 1  88           	dey
0016AAr 1  B1 rr        	lda     (c_sp),y
0016ACr 1  85 rr        	sta     regbank+4
0016AEr 1  8A           	txa
0016AFr 1  38           	sec
0016B0r 1  E9 AC        	sbc     #$AC
0016B2r 1  85 rr        	sta     regbank+4+1
0016B4r 1  A0 07        	ldy     #$07
0016B6r 1  20 rr rr     	jsr     pushwysp
0016B9r 1  A5 rr        	lda     regbank+4
0016BBr 1  A6 rr        	ldx     regbank+4+1
0016BDr 1  20 rr rr     	jsr     _mod28
0016C0r 1  A0 00        	ldy     #$00
0016C2r 1  20 rr rr     	jsr     staspidx
0016C5r 1  A5 rr        	lda     regbank+4
0016C7r 1  A6 rr        	ldx     regbank+4+1
0016C9r 1  20 rr rr     	jsr     _div28
0016CCr 1  85 rr        	sta     regbank+2
0016CEr 1  86 rr        	stx     regbank+2+1
0016D0r 1  A0 09        	ldy     #$09
0016D2r 1  20 rr rr     	jsr     pushwysp
0016D5r 1  A5 rr        	lda     regbank+2
0016D7r 1  A6 rr        	ldx     regbank+2+1
0016D9r 1  20 rr rr     	jsr     _mod21
0016DCr 1  A0 00        	ldy     #$00
0016DEr 1  20 rr rr     	jsr     staspidx
0016E1r 1  A0 0B        	ldy     #$0B
0016E3r 1  20 rr rr     	jsr     pushwysp
0016E6r 1  A5 rr        	lda     regbank+2
0016E8r 1  A6 rr        	ldx     regbank+2+1
0016EAr 1  20 rr rr     	jsr     _div21
0016EDr 1  A0 00        	ldy     #$00
0016EFr 1  20 rr rr     	jsr     staspidx
0016F2r 1  A0 00        L0001:	ldy     #$00
0016F4r 1  B1 rr        L0005:	lda     (c_sp),y
0016F6r 1  99 rr rr     	sta     regbank+2,y
0016F9r 1  C8           	iny
0016FAr 1  C0 04        	cpy     #$04
0016FCr 1  D0 F6        	bne     L0005
0016FEr 1  A0 0C        	ldy     #$0C
001700r 1  4C rr rr     	jmp     addysp
001703r 1               
001703r 1               .endproc
001703r 1               
001703r 1               ; ---------------------------------------------------------------
001703r 1               ; unsigned int __near__ __fastcall__ composeHangul (unsigned char choseong, unsigned char jungseong, unsigned char jongseong)
001703r 1               ; ---------------------------------------------------------------
001703r 1               
001703r 1               .segment	"CODE"
001703r 1               
001703r 1               .proc	_composeHangul: near
001703r 1               
001703r 1               .segment	"CODE"
001703r 1               
001703r 1  20 rr rr     	jsr     pusha
001706r 1  A5 rr        	lda     regbank+4
001708r 1  A6 rr        	ldx     regbank+5
00170Ar 1  20 rr rr     	jsr     pushax
00170Dr 1  A0 04        	ldy     #$04
00170Fr 1  B1 rr        	lda     (c_sp),y
001711r 1  C9 13        	cmp     #$13
001713r 1  B0 10        	bcs     L0005
001715r 1  88           	dey
001716r 1  B1 rr        	lda     (c_sp),y
001718r 1  C9 15        	cmp     #$15
00171Ar 1  B0 09        	bcs     L0005
00171Cr 1  88           	dey
00171Dr 1  B1 rr        	lda     (c_sp),y
00171Fr 1  C9 1C        	cmp     #$1C
001721r 1  B0 02        	bcs     L0005
001723r 1  80 06        	bra     L0007
001725r 1  A2 00        L0005:	ldx     #$00
001727r 1  8A           	txa
001728r 1  4C rr rr     	jmp     L0001
00172Br 1  64 rr        L0007:	stz     regbank+4
00172Dr 1  64 rr        	stz     regbank+4+1
00172Fr 1  A0 04        	ldy     #$04
001731r 1  B1 rr        	lda     (c_sp),y
001733r 1  85 rr        	sta     tmp1
001735r 1  A9 00        	lda     #$00
001737r 1  0A           	asl     a
001738r 1  26 rr        	rol     tmp1
00173Ar 1  18           	clc
00173Br 1  A5 rr        	lda     tmp1
00173Dr 1  65 rr        	adc     regbank+4+1
00173Fr 1  85 rr        	sta     regbank+4+1
001741r 1  A2 00        	ldx     #$00
001743r 1  B1 rr        	lda     (c_sp),y
001745r 1  20 rr rr     	jsr     aslax4
001748r 1  20 rr rr     	jsr     aslax2
00174Br 1  18           	clc
00174Cr 1  65 rr        	adc     regbank+4
00174Er 1  85 rr        	sta     regbank+4
001750r 1  8A           	txa
001751r 1  65 rr        	adc     regbank+4+1
001753r 1  85 rr        	sta     regbank+4+1
001755r 1  A2 00        	ldx     #$00
001757r 1  B1 rr        	lda     (c_sp),y
001759r 1  20 rr rr     	jsr     aslax3
00175Cr 1  18           	clc
00175Dr 1  65 rr        	adc     regbank+4
00175Fr 1  85 rr        	sta     regbank+4
001761r 1  8A           	txa
001762r 1  65 rr        	adc     regbank+4+1
001764r 1  85 rr        	sta     regbank+4+1
001766r 1  A2 00        	ldx     #$00
001768r 1  B1 rr        	lda     (c_sp),y
00176Ar 1  20 rr rr     	jsr     aslax2
00176Dr 1  18           	clc
00176Er 1  65 rr        	adc     regbank+4
001770r 1  85 rr        	sta     regbank+4
001772r 1  8A           	txa
001773r 1  65 rr        	adc     regbank+4+1
001775r 1  85 rr        	sta     regbank+4+1
001777r 1  88           	dey
001778r 1  A2 00        	ldx     #$00
00177Ar 1  B1 rr        	lda     (c_sp),y
00177Cr 1  20 rr rr     	jsr     aslax4
00177Fr 1  18           	clc
001780r 1  65 rr        	adc     regbank+4
001782r 1  85 rr        	sta     regbank+4
001784r 1  8A           	txa
001785r 1  65 rr        	adc     regbank+4+1
001787r 1  85 rr        	sta     regbank+4+1
001789r 1  A2 00        	ldx     #$00
00178Br 1  B1 rr        	lda     (c_sp),y
00178Dr 1  20 rr rr     	jsr     aslax3
001790r 1  18           	clc
001791r 1  65 rr        	adc     regbank+4
001793r 1  85 rr        	sta     regbank+4
001795r 1  8A           	txa
001796r 1  65 rr        	adc     regbank+4+1
001798r 1  85 rr        	sta     regbank+4+1
00179Ar 1  A2 00        	ldx     #$00
00179Cr 1  B1 rr        	lda     (c_sp),y
00179Er 1  20 rr rr     	jsr     aslax2
0017A1r 1  18           	clc
0017A2r 1  65 rr        	adc     regbank+4
0017A4r 1  85 rr        	sta     regbank+4
0017A6r 1  8A           	txa
0017A7r 1  65 rr        	adc     regbank+4+1
0017A9r 1  85 rr        	sta     regbank+4+1
0017ABr 1  88           	dey
0017ACr 1  B1 rr        	lda     (c_sp),y
0017AEr 1  18           	clc
0017AFr 1  65 rr        	adc     regbank+4
0017B1r 1  85 rr        	sta     regbank+4
0017B3r 1  A9 00        	lda     #$00
0017B5r 1  65 rr        	adc     regbank+4+1
0017B7r 1  85 rr        	sta     regbank+4+1
0017B9r 1  A5 rr        	lda     regbank+4
0017BBr 1  48           	pha
0017BCr 1  A5 rr        	lda     regbank+4+1
0017BEr 1  18           	clc
0017BFr 1  69 AC        	adc     #$AC
0017C1r 1  AA           	tax
0017C2r 1  68           	pla
0017C3r 1  48           L0001:	pha
0017C4r 1  B2 rr        	lda     (c_sp)
0017C6r 1  85 rr        	sta     regbank+4
0017C8r 1  A0 01        	ldy     #$01
0017CAr 1  B1 rr        	lda     (c_sp),y
0017CCr 1  85 rr        	sta     regbank+5
0017CEr 1  68           	pla
0017CFr 1  4C rr rr     	jmp     incsp5
0017D2r 1               
0017D2r 1               .endproc
0017D2r 1               
0017D2r 1               ; ---------------------------------------------------------------
0017D2r 1               ; void __near__ __fastcall__ putbyte (unsigned char x, unsigned char y, unsigned char c)
0017D2r 1               ; ---------------------------------------------------------------
0017D2r 1               
0017D2r 1               .segment	"CODE"
0017D2r 1               
0017D2r 1               .proc	_putbyte: near
0017D2r 1               
0017D2r 1               .segment	"CODE"
0017D2r 1               
0017D2r 1  20 rr rr     	jsr     pusha
0017D5r 1  A5 rr        	lda     regbank+4
0017D7r 1  A6 rr        	ldx     regbank+5
0017D9r 1  20 rr rr     	jsr     pushax
0017DCr 1  A0 03        	ldy     #$03
0017DEr 1  A2 00        	ldx     #$00
0017E0r 1  B1 rr        	lda     (c_sp),y
0017E2r 1  0A           	asl     a
0017E3r 1  90 02        	bcc     L0006
0017E5r 1  E8           	inx
0017E6r 1  18           	clc
0017E7r 1  69 rr        L0006:	adc     #<(_HGR_OFFSET)
0017E9r 1  85 rr        	sta     ptr1
0017EBr 1  8A           	txa
0017ECr 1  69 rr        	adc     #>(_HGR_OFFSET)
0017EEr 1  85 rr        	sta     ptr1+1
0017F0r 1  A0 01        	ldy     #$01
0017F2r 1  B1 rr        	lda     (ptr1),y
0017F4r 1  AA           	tax
0017F5r 1  B2 rr        	lda     (ptr1)
0017F7r 1  85 rr        	sta     ptr1
0017F9r 1  8A           	txa
0017FAr 1  18           	clc
0017FBr 1  69 20        	adc     #$20
0017FDr 1  85 rr        	sta     ptr1+1
0017FFr 1  A0 04        	ldy     #$04
001801r 1  B1 rr        	lda     (c_sp),y
001803r 1  4A           	lsr     a
001804r 1  18           	clc
001805r 1  65 rr        	adc     ptr1
001807r 1  A6 rr        	ldx     ptr1+1
001809r 1  90 01        	bcc     L0005
00180Br 1  E8           	inx
00180Cr 1  85 rr        L0005:	sta     regbank+4
00180Er 1  86 rr        	stx     regbank+4+1
001810r 1  B1 rr        	lda     (c_sp),y
001812r 1  29 01        	and     #$01
001814r 1  D0 03        	bne     L0002
001816r 1  9C 55 C0     	stz     $c055
001819r 1  A0 02        L0002:	ldy     #$02
00181Br 1  B1 rr        	lda     (c_sp),y
00181Dr 1  92 rr        	sta     (regbank+4)
00181Fr 1  8D 54 C0     	sta     $c054
001822r 1  B2 rr        	lda     (c_sp)
001824r 1  85 rr        	sta     regbank+4
001826r 1  88           	dey
001827r 1  B1 rr        	lda     (c_sp),y
001829r 1  85 rr        	sta     regbank+5
00182Br 1  4C rr rr     	jmp     incsp5
00182Er 1               
00182Er 1               .endproc
00182Er 1               
00182Er 1               ; ---------------------------------------------------------------
00182Er 1               ; void __near__ __fastcall__ putbyte_xor (unsigned char x, unsigned char y, unsigned char c)
00182Er 1               ; ---------------------------------------------------------------
00182Er 1               
00182Er 1               .segment	"CODE"
00182Er 1               
00182Er 1               .proc	_putbyte_xor: near
00182Er 1               
00182Er 1               .segment	"CODE"
00182Er 1               
00182Er 1  20 rr rr     	jsr     pusha
001831r 1  A5 rr        	lda     regbank+4
001833r 1  A6 rr        	ldx     regbank+5
001835r 1  20 rr rr     	jsr     pushax
001838r 1  A0 03        	ldy     #$03
00183Ar 1  A2 00        	ldx     #$00
00183Cr 1  B1 rr        	lda     (c_sp),y
00183Er 1  0A           	asl     a
00183Fr 1  90 02        	bcc     L0006
001841r 1  E8           	inx
001842r 1  18           	clc
001843r 1  69 rr        L0006:	adc     #<(_HGR_OFFSET)
001845r 1  85 rr        	sta     ptr1
001847r 1  8A           	txa
001848r 1  69 rr        	adc     #>(_HGR_OFFSET)
00184Ar 1  85 rr        	sta     ptr1+1
00184Cr 1  A0 01        	ldy     #$01
00184Er 1  B1 rr        	lda     (ptr1),y
001850r 1  AA           	tax
001851r 1  B2 rr        	lda     (ptr1)
001853r 1  85 rr        	sta     ptr1
001855r 1  8A           	txa
001856r 1  18           	clc
001857r 1  69 20        	adc     #$20
001859r 1  85 rr        	sta     ptr1+1
00185Br 1  A0 04        	ldy     #$04
00185Dr 1  B1 rr        	lda     (c_sp),y
00185Fr 1  4A           	lsr     a
001860r 1  18           	clc
001861r 1  65 rr        	adc     ptr1
001863r 1  A6 rr        	ldx     ptr1+1
001865r 1  90 01        	bcc     L0005
001867r 1  E8           	inx
001868r 1  85 rr        L0005:	sta     regbank+4
00186Ar 1  86 rr        	stx     regbank+4+1
00186Cr 1  B1 rr        	lda     (c_sp),y
00186Er 1  29 01        	and     #$01
001870r 1  D0 03        	bne     L0002
001872r 1  9C 55 C0     	stz     $c055
001875r 1  B2 rr        L0002:	lda     (regbank+4)
001877r 1  A0 02        	ldy     #$02
001879r 1  51 rr        	eor     (c_sp),y
00187Br 1  92 rr        	sta     (regbank+4)
00187Dr 1  8D 54 C0     	sta     $c054
001880r 1  B2 rr        	lda     (c_sp)
001882r 1  85 rr        	sta     regbank+4
001884r 1  88           	dey
001885r 1  B1 rr        	lda     (c_sp),y
001887r 1  85 rr        	sta     regbank+5
001889r 1  4C rr rr     	jmp     incsp5
00188Cr 1               
00188Cr 1               .endproc
00188Cr 1               
00188Cr 1               ; ---------------------------------------------------------------
00188Cr 1               ; void __near__ putasc (unsigned char x, unsigned char y, unsigned char *font)
00188Cr 1               ; ---------------------------------------------------------------
00188Cr 1               
00188Cr 1               .segment	"CODE"
00188Cr 1               
00188Cr 1               .proc	_putasc: near
00188Cr 1               
00188Cr 1               .segment	"CODE"
00188Cr 1               
00188Cr 1  20 rr rr     	jsr     pushax
00188Fr 1  A5 rr        	lda     regbank+5
001891r 1  20 rr rr     	jsr     pusha
001894r 1  64 rr        	stz     regbank+5
001896r 1  A5 rr        L0008:	lda     regbank+5
001898r 1  C9 0C        	cmp     #$0C
00189Ar 1  B0 2A        	bcs     L0003
00189Cr 1  20 rr rr     	jsr     decsp2
00189Fr 1  A0 06        	ldy     #$06
0018A1r 1  B1 rr        	lda     (c_sp),y
0018A3r 1  A0 01        	ldy     #$01
0018A5r 1  91 rr        	sta     (c_sp),y
0018A7r 1  A0 05        	ldy     #$05
0018A9r 1  B1 rr        	lda     (c_sp),y
0018ABr 1  18           	clc
0018ACr 1  65 rr        	adc     regbank+5
0018AEr 1  92 rr        	sta     (c_sp)
0018B0r 1  88           	dey
0018B1r 1  B1 rr        	lda     (c_sp),y
0018B3r 1  AA           	tax
0018B4r 1  88           	dey
0018B5r 1  B1 rr        	lda     (c_sp),y
0018B7r 1  A4 rr        	ldy     regbank+5
0018B9r 1  85 rr        	sta     ptr1
0018BBr 1  86 rr        	stx     ptr1+1
0018BDr 1  B1 rr        	lda     (ptr1),y
0018BFr 1  20 rr rr     	jsr     _putbyte_xor
0018C2r 1  E6 rr        	inc     regbank+5
0018C4r 1  80 D0        	bra     L0008
0018C6r 1  B2 rr        L0003:	lda     (c_sp)
0018C8r 1  85 rr        	sta     regbank+5
0018CAr 1  4C rr rr     	jmp     incsp5
0018CDr 1               
0018CDr 1               .endproc
0018CDr 1               
0018CDr 1               ; ---------------------------------------------------------------
0018CDr 1               ; void __near__ puthan (unsigned char x, unsigned char y, unsigned char *cho, unsigned char *jung, unsigned char *jong)
0018CDr 1               ; ---------------------------------------------------------------
0018CDr 1               
0018CDr 1               .segment	"CODE"
0018CDr 1               
0018CDr 1               .proc	_puthan: near
0018CDr 1               
0018CDr 1               .segment	"CODE"
0018CDr 1               
0018CDr 1  20 rr rr     	jsr     pushax
0018D0r 1  A5 rr        	lda     regbank+5
0018D2r 1  20 rr rr     	jsr     pusha
0018D5r 1  A5 rr        	lda     regbank+4
0018D7r 1  20 rr rr     	jsr     pusha
0018DAr 1  A5 rr        	lda     regbank+3
0018DCr 1  20 rr rr     	jsr     pusha
0018DFr 1  A5 rr        	lda     regbank+2
0018E1r 1  20 rr rr     	jsr     pusha
0018E4r 1  A9 00        	lda     #$00
0018E6r 1  64 rr        	stz     regbank+5
0018E8r 1  85 rr        L0013:	sta     regbank+4
0018EAr 1  A5 rr        	lda     regbank+5
0018ECr 1  C9 0C        	cmp     #$0C
0018EEr 1  90 03 4C rr  	jcs     L0003
0018F2r 1  rr           
0018F3r 1  A0 09        	ldy     #$09
0018F5r 1  B1 rr        	lda     (c_sp),y
0018F7r 1  88           	dey
0018F8r 1  11 rr        	ora     (c_sp),y
0018FAr 1  F0 2A        	beq     L0006
0018FCr 1  C8           	iny
0018FDr 1  B1 rr        	lda     (c_sp),y
0018FFr 1  AA           	tax
001900r 1  88           	dey
001901r 1  B1 rr        	lda     (c_sp),y
001903r 1  A4 rr        	ldy     regbank+4
001905r 1  85 rr        	sta     ptr1
001907r 1  86 rr        	stx     ptr1+1
001909r 1  B1 rr        	lda     (ptr1),y
00190Br 1  85 rr        	sta     regbank+3
00190Dr 1  A2 00        	ldx     #$00
00190Fr 1  A5 rr        	lda     regbank+4
001911r 1  1A           	ina
001912r 1  D0 01        	bne     L0007
001914r 1  E8           	inx
001915r 1  18           L0007:	clc
001916r 1  A0 08        	ldy     #$08
001918r 1  71 rr        	adc     (c_sp),y
00191Ar 1  85 rr        	sta     ptr1
00191Cr 1  8A           	txa
00191Dr 1  C8           	iny
00191Er 1  71 rr        	adc     (c_sp),y
001920r 1  85 rr        	sta     ptr1+1
001922r 1  B2 rr        	lda     (ptr1)
001924r 1  85 rr        	sta     regbank+2
001926r 1  A0 07        L0006:	ldy     #$07
001928r 1  B1 rr        	lda     (c_sp),y
00192Ar 1  88           	dey
00192Br 1  11 rr        	ora     (c_sp),y
00192Dr 1  F0 2E        	beq     L0008
00192Fr 1  C8           	iny
001930r 1  B1 rr        	lda     (c_sp),y
001932r 1  AA           	tax
001933r 1  88           	dey
001934r 1  B1 rr        	lda     (c_sp),y
001936r 1  A4 rr        	ldy     regbank+4
001938r 1  85 rr        	sta     ptr1
00193Ar 1  86 rr        	stx     ptr1+1
00193Cr 1  A2 00        	ldx     #$00
00193Er 1  B1 rr        	lda     (ptr1),y
001940r 1  05 rr        	ora     regbank+3
001942r 1  85 rr        	sta     regbank+3
001944r 1  A5 rr        	lda     regbank+4
001946r 1  1A           	ina
001947r 1  D0 01        	bne     L0009
001949r 1  E8           	inx
00194Ar 1  18           L0009:	clc
00194Br 1  A0 06        	ldy     #$06
00194Dr 1  71 rr        	adc     (c_sp),y
00194Fr 1  85 rr        	sta     ptr1
001951r 1  8A           	txa
001952r 1  C8           	iny
001953r 1  71 rr        	adc     (c_sp),y
001955r 1  85 rr        	sta     ptr1+1
001957r 1  B2 rr        	lda     (ptr1)
001959r 1  05 rr        	ora     regbank+2
00195Br 1  85 rr        	sta     regbank+2
00195Dr 1  A0 05        L0008:	ldy     #$05
00195Fr 1  B1 rr        	lda     (c_sp),y
001961r 1  88           	dey
001962r 1  11 rr        	ora     (c_sp),y
001964r 1  F0 2E        	beq     L000A
001966r 1  C8           	iny
001967r 1  B1 rr        	lda     (c_sp),y
001969r 1  AA           	tax
00196Ar 1  88           	dey
00196Br 1  B1 rr        	lda     (c_sp),y
00196Dr 1  A4 rr        	ldy     regbank+4
00196Fr 1  85 rr        	sta     ptr1
001971r 1  86 rr        	stx     ptr1+1
001973r 1  A2 00        	ldx     #$00
001975r 1  B1 rr        	lda     (ptr1),y
001977r 1  05 rr        	ora     regbank+3
001979r 1  85 rr        	sta     regbank+3
00197Br 1  A5 rr        	lda     regbank+4
00197Dr 1  1A           	ina
00197Er 1  D0 01        	bne     L000B
001980r 1  E8           	inx
001981r 1  18           L000B:	clc
001982r 1  A0 04        	ldy     #$04
001984r 1  71 rr        	adc     (c_sp),y
001986r 1  85 rr        	sta     ptr1
001988r 1  8A           	txa
001989r 1  C8           	iny
00198Ar 1  71 rr        	adc     (c_sp),y
00198Cr 1  85 rr        	sta     ptr1+1
00198Er 1  B2 rr        	lda     (ptr1)
001990r 1  05 rr        	ora     regbank+2
001992r 1  85 rr        	sta     regbank+2
001994r 1  20 rr rr     L000A:	jsr     decsp2
001997r 1  A0 0D        	ldy     #$0D
001999r 1  B1 rr        	lda     (c_sp),y
00199Br 1  A0 01        	ldy     #$01
00199Dr 1  91 rr        	sta     (c_sp),y
00199Fr 1  A0 0C        	ldy     #$0C
0019A1r 1  B1 rr        	lda     (c_sp),y
0019A3r 1  18           	clc
0019A4r 1  65 rr        	adc     regbank+5
0019A6r 1  92 rr        	sta     (c_sp)
0019A8r 1  A5 rr        	lda     regbank+3
0019AAr 1  20 rr rr     	jsr     _putbyte_xor
0019ADr 1  20 rr rr     	jsr     decsp2
0019B0r 1  A0 0D        	ldy     #$0D
0019B2r 1  B1 rr        	lda     (c_sp),y
0019B4r 1  1A           	ina
0019B5r 1  A0 01        	ldy     #$01
0019B7r 1  91 rr        	sta     (c_sp),y
0019B9r 1  A0 0C        	ldy     #$0C
0019BBr 1  B1 rr        	lda     (c_sp),y
0019BDr 1  18           	clc
0019BEr 1  65 rr        	adc     regbank+5
0019C0r 1  92 rr        	sta     (c_sp)
0019C2r 1  A5 rr        	lda     regbank+2
0019C4r 1  20 rr rr     	jsr     _putbyte_xor
0019C7r 1  E6 rr        	inc     regbank+5
0019C9r 1  A9 02        	lda     #$02
0019CBr 1  18           	clc
0019CCr 1  65 rr        	adc     regbank+4
0019CEr 1  4C rr rr     	jmp     L0013
0019D1r 1  A0 00        L0003:	ldy     #$00
0019D3r 1  B1 rr        L000D:	lda     (c_sp),y
0019D5r 1  99 rr rr     	sta     regbank+2,y
0019D8r 1  C8           	iny
0019D9r 1  C0 04        	cpy     #$04
0019DBr 1  D0 F6        	bne     L000D
0019DDr 1  A0 0C        	ldy     #$0C
0019DFr 1  4C rr rr     	jmp     addysp
0019E2r 1               
0019E2r 1               .endproc
0019E2r 1               
0019E2r 1               ; ---------------------------------------------------------------
0019E2r 1               ; void __near__ draw_bitmap (unsigned char x, unsigned char y, unsigned char width, unsigned char height, unsigned char *bitmap)
0019E2r 1               ; ---------------------------------------------------------------
0019E2r 1               
0019E2r 1               .segment	"CODE"
0019E2r 1               
0019E2r 1               .proc	_draw_bitmap: near
0019E2r 1               
0019E2r 1               .segment	"CODE"
0019E2r 1               
0019E2r 1  20 rr rr     	jsr     pushax
0019E5r 1  A5 rr        	lda     regbank+5
0019E7r 1  20 rr rr     	jsr     pusha
0019EAr 1  A5 rr        	lda     regbank+4
0019ECr 1  20 rr rr     	jsr     pusha
0019EFr 1  A5 rr        	lda     regbank+3
0019F1r 1  20 rr rr     	jsr     pusha
0019F4r 1  A5 rr        	lda     regbank+2
0019F6r 1  20 rr rr     	jsr     pusha
0019F9r 1  A5 rr        	lda     regbank+1
0019FBr 1  20 rr rr     	jsr     pusha
0019FEr 1  64 rr        	stz     regbank+3
001A00r 1  A9 80        	lda     #$80
001A02r 1  85 rr        	sta     regbank+2
001A04r 1  64 rr        	stz     regbank+5
001A06r 1  A5 rr        L0011:	lda     regbank+5
001A08r 1  A0 07        	ldy     #$07
001A0Ar 1  D1 rr        	cmp     (c_sp),y
001A0Cr 1  B0 5A        	bcs     L0003
001A0Er 1  64 rr        	stz     regbank+4
001A10r 1  A5 rr        L0012:	lda     regbank+4
001A12r 1  A0 08        	ldy     #$08
001A14r 1  D1 rr        	cmp     (c_sp),y
001A16r 1  B0 4C        	bcs     L0015
001A18r 1  A0 06        	ldy     #$06
001A1Ar 1  B1 rr        	lda     (c_sp),y
001A1Cr 1  AA           	tax
001A1Dr 1  88           	dey
001A1Er 1  B1 rr        	lda     (c_sp),y
001A20r 1  A4 rr        	ldy     regbank+3
001A22r 1  85 rr        	sta     ptr1
001A24r 1  86 rr        	stx     ptr1+1
001A26r 1  B1 rr        	lda     (ptr1),y
001A28r 1  25 rr        	and     regbank+2
001A2Ar 1  85 rr        	sta     regbank+1
001A2Cr 1  A5 rr        	lda     regbank+2
001A2Er 1  4A           	lsr     a
001A2Fr 1  85 rr        	sta     regbank+2
001A31r 1  A5 rr        	lda     regbank+2
001A33r 1  D0 06        	bne     L000A
001A35r 1  A9 80        	lda     #$80
001A37r 1  85 rr        	sta     regbank+2
001A39r 1  E6 rr        	inc     regbank+3
001A3Br 1  20 rr rr     L000A:	jsr     decsp2
001A3Er 1  A0 0C        	ldy     #$0C
001A40r 1  A2 00        	ldx     #$00
001A42r 1  B1 rr        	lda     (c_sp),y
001A44r 1  20 rr rr     	jsr     mulax5
001A47r 1  18           	clc
001A48r 1  65 rr        	adc     regbank+4
001A4Ar 1  A0 01        	ldy     #$01
001A4Cr 1  91 rr        	sta     (c_sp),y
001A4Er 1  A0 0B        	ldy     #$0B
001A50r 1  B1 rr        	lda     (c_sp),y
001A52r 1  18           	clc
001A53r 1  65 rr        	adc     regbank+5
001A55r 1  92 rr        	sta     (c_sp)
001A57r 1  A5 rr        	lda     regbank+1
001A59r 1  F0 02        	beq     L0014
001A5Br 1  A9 0F        	lda     #$0F
001A5Dr 1  20 rr rr     L0014:	jsr     _plot
001A60r 1  E6 rr        	inc     regbank+4
001A62r 1  80 AC        	bra     L0012
001A64r 1  E6 rr        L0015:	inc     regbank+5
001A66r 1  80 9E        	bra     L0011
001A68r 1  A0 00        L0003:	ldy     #$00
001A6Ar 1  B1 rr        L000D:	lda     (c_sp),y
001A6Cr 1  99 rr rr     	sta     regbank+1,y
001A6Fr 1  C8           	iny
001A70r 1  C0 05        	cpy     #$05
001A72r 1  D0 F6        	bne     L000D
001A74r 1  A0 0B        	ldy     #$0B
001A76r 1  4C rr rr     	jmp     addysp
001A79r 1               
001A79r 1               .endproc
001A79r 1               
001A79r 1               ; ---------------------------------------------------------------
001A79r 1               ; void __near__ puthan_bitmap (unsigned char x, unsigned char y, unsigned char *cho, unsigned char *jung, unsigned char *jong)
001A79r 1               ; ---------------------------------------------------------------
001A79r 1               
001A79r 1               .segment	"CODE"
001A79r 1               
001A79r 1               .proc	_puthan_bitmap: near
001A79r 1               
001A79r 1               .segment	"CODE"
001A79r 1               
001A79r 1  20 rr rr     	jsr     pushax
001A7Cr 1  A5 rr        	lda     regbank+5
001A7Er 1  20 rr rr     	jsr     pusha
001A81r 1  A5 rr        	lda     regbank+4
001A83r 1  20 rr rr     	jsr     pusha
001A86r 1  A5 rr        	lda     regbank+3
001A88r 1  20 rr rr     	jsr     pusha
001A8Br 1  A5 rr        	lda     regbank+2
001A8Dr 1  20 rr rr     	jsr     pusha
001A90r 1  64 rr        	stz     regbank+5
001A92r 1  A5 rr        L000F:	lda     regbank+5
001A94r 1  C9 0F        	cmp     #$0F
001A96r 1  B0 5C        	bcs     L0003
001A98r 1  A9 rr        	lda     #<(_glyph_buf)
001A9Ar 1  A2 rr        	ldx     #>(_glyph_buf)
001A9Cr 1  18           	clc
001A9Dr 1  65 rr        	adc     regbank+5
001A9Fr 1  90 01        	bcc     L0006
001AA1r 1  E8           	inx
001AA2r 1  85 rr        L0006:	sta     ptr2
001AA4r 1  86 rr        	stx     ptr2+1
001AA6r 1  A0 09        	ldy     #$09
001AA8r 1  B1 rr        	lda     (c_sp),y
001AAAr 1  AA           	tax
001AABr 1  88           	dey
001AACr 1  B1 rr        	lda     (c_sp),y
001AAEr 1  A4 rr        	ldy     regbank+5
001AB0r 1  85 rr        	sta     ptr1
001AB2r 1  86 rr        	stx     ptr1+1
001AB4r 1  B1 rr        	lda     (ptr1),y
001AB6r 1  85 rr        	sta     sreg
001AB8r 1  A0 07        	ldy     #$07
001ABAr 1  B1 rr        	lda     (c_sp),y
001ABCr 1  88           	dey
001ABDr 1  11 rr        	ora     (c_sp),y
001ABFr 1  F0 0F        	beq     L0008
001AC1r 1  C8           	iny
001AC2r 1  B1 rr        	lda     (c_sp),y
001AC4r 1  AA           	tax
001AC5r 1  88           	dey
001AC6r 1  B1 rr        	lda     (c_sp),y
001AC8r 1  A4 rr        	ldy     regbank+5
001ACAr 1  85 rr        	sta     ptr1
001ACCr 1  86 rr        	stx     ptr1+1
001ACEr 1  B1 rr        	lda     (ptr1),y
001AD0r 1  05 rr        L0008:	ora     sreg
001AD2r 1  85 rr        	sta     sreg
001AD4r 1  A0 05        	ldy     #$05
001AD6r 1  B1 rr        	lda     (c_sp),y
001AD8r 1  88           	dey
001AD9r 1  11 rr        	ora     (c_sp),y
001ADBr 1  F0 0F        	beq     L000A
001ADDr 1  C8           	iny
001ADEr 1  B1 rr        	lda     (c_sp),y
001AE0r 1  AA           	tax
001AE1r 1  88           	dey
001AE2r 1  B1 rr        	lda     (c_sp),y
001AE4r 1  A4 rr        	ldy     regbank+5
001AE6r 1  85 rr        	sta     ptr1
001AE8r 1  86 rr        	stx     ptr1+1
001AEAr 1  B1 rr        	lda     (ptr1),y
001AECr 1  05 rr        L000A:	ora     sreg
001AEEr 1  92 rr        	sta     (ptr2)
001AF0r 1  E6 rr        	inc     regbank+5
001AF2r 1  80 9E        	bra     L000F
001AF4r 1  20 rr rr     L0003:	jsr     decsp4
001AF7r 1  A0 0F        	ldy     #$0F
001AF9r 1  B1 rr        	lda     (c_sp),y
001AFBr 1  A0 03        	ldy     #$03
001AFDr 1  91 rr        	sta     (c_sp),y
001AFFr 1  A0 0E        	ldy     #$0E
001B01r 1  B1 rr        	lda     (c_sp),y
001B03r 1  A0 02        	ldy     #$02
001B05r 1  91 rr        	sta     (c_sp),y
001B07r 1  A9 0A        	lda     #$0A
001B09r 1  88           	dey
001B0Ar 1  91 rr        	sta     (c_sp),y
001B0Cr 1  A9 0C        	lda     #$0C
001B0Er 1  92 rr        	sta     (c_sp)
001B10r 1  A9 rr        	lda     #<(_glyph_buf)
001B12r 1  A2 rr        	ldx     #>(_glyph_buf)
001B14r 1  20 rr rr     	jsr     _draw_bitmap
001B17r 1  A0 00        	ldy     #$00
001B19r 1  B1 rr        L000B:	lda     (c_sp),y
001B1Br 1  99 rr rr     	sta     regbank+2,y
001B1Er 1  C8           	iny
001B1Fr 1  C0 04        	cpy     #$04
001B21r 1  D0 F6        	bne     L000B
001B23r 1  A0 0C        	ldy     #$0C
001B25r 1  4C rr rr     	jmp     addysp
001B28r 1               
001B28r 1               .endproc
001B28r 1               
001B28r 1               ; ---------------------------------------------------------------
001B28r 1               ; signed char __near__ putucs2 (unsigned char x, unsigned char y, unsigned int code)
001B28r 1               ; ---------------------------------------------------------------
001B28r 1               
001B28r 1               .segment	"CODE"
001B28r 1               
001B28r 1               .proc	_putucs2: near
001B28r 1               
001B28r 1               .segment	"CODE"
001B28r 1               
001B28r 1  20 rr rr     	jsr     pushax
001B2Br 1  20 rr rr     	jsr     decsp6
001B2Er 1  A0 07        	ldy     #$07
001B30r 1  B1 rr        	lda     (c_sp),y
001B32r 1  C9 00        	cmp     #$00
001B34r 1  D0 05        	bne     L0003
001B36r 1  88           	dey
001B37r 1  B1 rr        	lda     (c_sp),y
001B39r 1  C9 20        	cmp     #$20
001B3Br 1  B0 06        L0003:	bcs     L0002
001B3Dr 1  A2 00        	ldx     #$00
001B3Fr 1  8A           	txa
001B40r 1  4C rr rr     	jmp     L0001
001B43r 1  A0 07        L0002:	ldy     #$07
001B45r 1  B1 rr        	lda     (c_sp),y
001B47r 1  C9 00        	cmp     #$00
001B49r 1  D0 05        	bne     L0005
001B4Br 1  88           	dey
001B4Cr 1  B1 rr        	lda     (c_sp),y
001B4Er 1  C9 80        	cmp     #$80
001B50r 1  B0 40        L0005:	bcs     L0004
001B52r 1  20 rr rr     	jsr     decsp4
001B55r 1  A0 0D        	ldy     #$0D
001B57r 1  B1 rr        	lda     (c_sp),y
001B59r 1  A0 03        	ldy     #$03
001B5Br 1  91 rr        	sta     (c_sp),y
001B5Dr 1  A0 0C        	ldy     #$0C
001B5Fr 1  B1 rr        	lda     (c_sp),y
001B61r 1  A0 02        	ldy     #$02
001B63r 1  91 rr        	sta     (c_sp),y
001B65r 1  A9 05        	lda     #$05
001B67r 1  88           	dey
001B68r 1  91 rr        	sta     (c_sp),y
001B6Ar 1  A9 0C        	lda     #$0C
001B6Cr 1  92 rr        	sta     (c_sp)
001B6Er 1  A0 0B        	ldy     #$0B
001B70r 1  B1 rr        	lda     (c_sp),y
001B72r 1  AA           	tax
001B73r 1  88           	dey
001B74r 1  B1 rr        	lda     (c_sp),y
001B76r 1  38           	sec
001B77r 1  E9 20        	sbc     #$20
001B79r 1  B0 01        	bcs     L0006
001B7Br 1  CA           	dex
001B7Cr 1  20 rr rr     L0006:	jsr     shlax3
001B7Fr 1  18           	clc
001B80r 1  69 rr        	adc     #<(_eng5x12_bin)
001B82r 1  A8           	tay
001B83r 1  8A           	txa
001B84r 1  69 rr        	adc     #>(_eng5x12_bin)
001B86r 1  AA           	tax
001B87r 1  98           	tya
001B88r 1  20 rr rr     	jsr     _draw_bitmap
001B8Br 1  A2 00        	ldx     #$00
001B8Dr 1  A9 01        	lda     #$01
001B8Fr 1  4C rr rr     	jmp     L0001
001B92r 1  20 rr rr     L0004:	jsr     decsp6
001B95r 1  A0 0D        	ldy     #$0D
001B97r 1  B1 rr        	lda     (c_sp),y
001B99r 1  AA           	tax
001B9Ar 1  88           	dey
001B9Br 1  B1 rr        	lda     (c_sp),y
001B9Dr 1  A0 04        	ldy     #$04
001B9Fr 1  91 rr        	sta     (c_sp),y
001BA1r 1  C8           	iny
001BA2r 1  8A           	txa
001BA3r 1  91 rr        	sta     (c_sp),y
001BA5r 1  A5 rr        	lda     c_sp
001BA7r 1  A6 rr        	ldx     c_sp+1
001BA9r 1  18           	clc
001BAAr 1  69 0B        	adc     #$0B
001BACr 1  90 01        	bcc     L0007
001BAEr 1  E8           	inx
001BAFr 1  A0 02        L0007:	ldy     #$02
001BB1r 1  91 rr        	sta     (c_sp),y
001BB3r 1  C8           	iny
001BB4r 1  8A           	txa
001BB5r 1  91 rr        	sta     (c_sp),y
001BB7r 1  A5 rr        	lda     c_sp
001BB9r 1  A6 rr        	ldx     c_sp+1
001BBBr 1  18           	clc
001BBCr 1  69 0A        	adc     #$0A
001BBEr 1  90 01        	bcc     L0008
001BC0r 1  E8           	inx
001BC1r 1  92 rr        L0008:	sta     (c_sp)
001BC3r 1  A0 01        	ldy     #$01
001BC5r 1  8A           	txa
001BC6r 1  91 rr        	sta     (c_sp),y
001BC8r 1  A5 rr        	lda     c_sp
001BCAr 1  A6 rr        	ldx     c_sp+1
001BCCr 1  18           	clc
001BCDr 1  69 09        	adc     #$09
001BCFr 1  90 01        	bcc     L0009
001BD1r 1  E8           	inx
001BD2r 1  20 rr rr     L0009:	jsr     _decomposeHangul
001BD5r 1  A0 04        	ldy     #$04
001BD7r 1  B1 rr        	lda     (c_sp),y
001BD9r 1  A8           	tay
001BDAr 1  B9 rr rr     	lda     _cho_kind_by_jung,y
001BDDr 1  20 rr rr     	jsr     pusha0
001BE0r 1  A9 13        	lda     #$13
001BE2r 1  20 rr rr     	jsr     tosumula0
001BE5r 1  85 rr        	sta     ptr1
001BE7r 1  A0 05        	ldy     #$05
001BE9r 1  B1 rr        	lda     (c_sp),y
001BEBr 1  18           	clc
001BECr 1  65 rr        	adc     ptr1
001BEEr 1  A0 02        	ldy     #$02
001BF0r 1  91 rr        	sta     (c_sp),y
001BF2r 1  A0 04        	ldy     #$04
001BF4r 1  B1 rr        	lda     (c_sp),y
001BF6r 1  18           	clc
001BF7r 1  69 39        	adc     #$39
001BF9r 1  A0 01        	ldy     #$01
001BFBr 1  91 rr        	sta     (c_sp),y
001BFDr 1  A0 03        	ldy     #$03
001BFFr 1  B1 rr        	lda     (c_sp),y
001C01r 1  18           	clc
001C02r 1  69 4E        	adc     #$4E
001C04r 1  92 rr        	sta     (c_sp)
001C06r 1  20 rr rr     	jsr     decsp6
001C09r 1  A0 0F        	ldy     #$0F
001C0Br 1  B1 rr        	lda     (c_sp),y
001C0Dr 1  A0 05        	ldy     #$05
001C0Fr 1  91 rr        	sta     (c_sp),y
001C11r 1  A0 0E        	ldy     #$0E
001C13r 1  B1 rr        	lda     (c_sp),y
001C15r 1  A0 04        	ldy     #$04
001C17r 1  91 rr        	sta     (c_sp),y
001C19r 1  A0 08        	ldy     #$08
001C1Br 1  B1 rr        	lda     (c_sp),y
001C1Dr 1  20 rr rr     	jsr     pusha0
001C20r 1  A9 0F        	lda     #$0F
001C22r 1  20 rr rr     	jsr     tosumula0
001C25r 1  18           	clc
001C26r 1  69 rr        	adc     #<(_kor10x12_bin)
001C28r 1  A8           	tay
001C29r 1  8A           	txa
001C2Ar 1  69 rr        	adc     #>(_kor10x12_bin)
001C2Cr 1  AA           	tax
001C2Dr 1  98           	tya
001C2Er 1  A0 02        	ldy     #$02
001C30r 1  91 rr        	sta     (c_sp),y
001C32r 1  C8           	iny
001C33r 1  8A           	txa
001C34r 1  91 rr        	sta     (c_sp),y
001C36r 1  A0 07        	ldy     #$07
001C38r 1  B1 rr        	lda     (c_sp),y
001C3Ar 1  20 rr rr     	jsr     pusha0
001C3Dr 1  A9 0F        	lda     #$0F
001C3Fr 1  20 rr rr     	jsr     tosumula0
001C42r 1  18           	clc
001C43r 1  69 rr        	adc     #<(_kor10x12_bin)
001C45r 1  A8           	tay
001C46r 1  8A           	txa
001C47r 1  69 rr        	adc     #>(_kor10x12_bin)
001C49r 1  AA           	tax
001C4Ar 1  98           	tya
001C4Br 1  92 rr        	sta     (c_sp)
001C4Dr 1  A0 01        	ldy     #$01
001C4Fr 1  8A           	txa
001C50r 1  91 rr        	sta     (c_sp),y
001C52r 1  A0 06        	ldy     #$06
001C54r 1  B1 rr        	lda     (c_sp),y
001C56r 1  20 rr rr     	jsr     pusha0
001C59r 1  A9 0F        	lda     #$0F
001C5Br 1  20 rr rr     	jsr     tosumula0
001C5Er 1  18           	clc
001C5Fr 1  69 rr        	adc     #<(_kor10x12_bin)
001C61r 1  A8           	tay
001C62r 1  8A           	txa
001C63r 1  69 rr        	adc     #>(_kor10x12_bin)
001C65r 1  AA           	tax
001C66r 1  98           	tya
001C67r 1  20 rr rr     	jsr     _puthan_bitmap
001C6Ar 1  A2 00        	ldx     #$00
001C6Cr 1  A9 02        	lda     #$02
001C6Er 1  A0 0A        L0001:	ldy     #$0A
001C70r 1  4C rr rr     	jmp     addysp
001C73r 1               
001C73r 1               .endproc
001C73r 1               
001C73r 1               ; ---------------------------------------------------------------
001C73r 1               ; void __near__ putucs2str (unsigned char x, unsigned char y, unsigned int *str)
001C73r 1               ; ---------------------------------------------------------------
001C73r 1               
001C73r 1               .segment	"CODE"
001C73r 1               
001C73r 1               .proc	_putucs2str: near
001C73r 1               
001C73r 1               .segment	"CODE"
001C73r 1               
001C73r 1  20 rr rr     	jsr     pushax
001C76r 1  20 rr rr     	jsr     pushw0sp
001C79r 1  80 4F        	bra     L0007
001C7Br 1  20 rr rr     L0002:	jsr     decsp2
001C7Er 1  A0 07        	ldy     #$07
001C80r 1  B1 rr        	lda     (c_sp),y
001C82r 1  A0 01        	ldy     #$01
001C84r 1  91 rr        	sta     (c_sp),y
001C86r 1  A0 06        	ldy     #$06
001C88r 1  B1 rr        	lda     (c_sp),y
001C8Ar 1  92 rr        	sta     (c_sp)
001C8Cr 1  A0 03        	ldy     #$03
001C8Er 1  B1 rr        	lda     (c_sp),y
001C90r 1  85 rr        	sta     ptr1+1
001C92r 1  88           	dey
001C93r 1  B1 rr        	lda     (c_sp),y
001C95r 1  85 rr        	sta     ptr1
001C97r 1  88           	dey
001C98r 1  B1 rr        	lda     (ptr1),y
001C9Ar 1  AA           	tax
001C9Br 1  B2 rr        	lda     (ptr1)
001C9Dr 1  85 rr        	sta     regsave
001C9Fr 1  86 rr        	stx     regsave+1
001CA1r 1  C8           	iny
001CA2r 1  A2 00        	ldx     #$00
001CA4r 1  98           	tya
001CA5r 1  20 rr rr     	jsr     addeqysp
001CA8r 1  A5 rr        	lda     regsave
001CAAr 1  A6 rr        	ldx     regsave+1
001CACr 1  20 rr rr     	jsr     _putucs2
001CAFr 1  A0 05        	ldy     #$05
001CB1r 1  18           	clc
001CB2r 1  71 rr        	adc     (c_sp),y
001CB4r 1  91 rr        	sta     (c_sp),y
001CB6r 1  C9 1D        	cmp     #$1D
001CB8r 1  90 10        	bcc     L0007
001CBAr 1  A9 00        	lda     #$00
001CBCr 1  91 rr        	sta     (c_sp),y
001CBEr 1  88           	dey
001CBFr 1  18           	clc
001CC0r 1  A9 0C        	lda     #$0C
001CC2r 1  71 rr        	adc     (c_sp),y
001CC4r 1  91 rr        	sta     (c_sp),y
001CC6r 1  C9 C1        	cmp     #$C1
001CC8r 1  B0 19        	bcs     L0003
001CCAr 1  A0 01        L0007:	ldy     #$01
001CCCr 1  B1 rr        	lda     (c_sp),y
001CCEr 1  85 rr        	sta     ptr1+1
001CD0r 1  B2 rr        	lda     (c_sp)
001CD2r 1  85 rr        	sta     ptr1
001CD4r 1  A0 01        	ldy     #$01
001CD6r 1  B1 rr        	lda     (ptr1),y
001CD8r 1  AA           	tax
001CD9r 1  B2 rr        	lda     (ptr1)
001CDBr 1  E0 00        	cpx     #$00
001CDDr 1  D0 9C        	bne     L0002
001CDFr 1  C9 00        	cmp     #$00
001CE1r 1  D0 98        	bne     L0002
001CE3r 1  4C rr rr     L0003:	jmp     incsp6
001CE6r 1               
001CE6r 1               .endproc
001CE6r 1               
001CE6r 1               ; ---------------------------------------------------------------
001CE6r 1               ; void __near__ pututf8str (unsigned char x, unsigned char y, char *str)
001CE6r 1               ; ---------------------------------------------------------------
001CE6r 1               
001CE6r 1               .segment	"CODE"
001CE6r 1               
001CE6r 1               .proc	_pututf8str: near
001CE6r 1               
001CE6r 1               .segment	"CODE"
001CE6r 1               
001CE6r 1  20 rr rr     	jsr     pushax
001CE9r 1  20 rr rr     	jsr     pushw0sp
001CECr 1  20 rr rr     	jsr     decsp6
001CEFr 1  4C rr rr     	jmp     L000E
001CF2r 1  A0 07        L0002:	ldy     #$07
001CF4r 1  B1 rr        	lda     (c_sp),y
001CF6r 1  85 rr        	sta     ptr1+1
001CF8r 1  88           	dey
001CF9r 1  B1 rr        	lda     (c_sp),y
001CFBr 1  85 rr        	sta     ptr1
001CFDr 1  B2 rr        	lda     (ptr1)
001CFFr 1  88           	dey
001D00r 1  91 rr        	sta     (c_sp),y
001D02r 1  C8           	iny
001D03r 1  A2 00        	ldx     #$00
001D05r 1  A9 01        	lda     #$01
001D07r 1  20 rr rr     	jsr     addeqysp
001D0Ar 1  A0 05        	ldy     #$05
001D0Cr 1  B1 rr        	lda     (c_sp),y
001D0Er 1  C9 80        	cmp     #$80
001D10r 1  B0 0A        	bcs     L0011
001D12r 1  A2 00        	ldx     #$00
001D14r 1  B1 rr        	lda     (c_sp),y
001D16r 1  20 rr rr     	jsr     stax0sp
001D19r 1  4C rr rr     	jmp     L000C
001D1Cr 1  B1 rr        L0011:	lda     (c_sp),y
001D1Er 1  C9 C0        	cmp     #$C0
001D20r 1  B0 3B        	bcs     L0013
001D22r 1  A0 07        	ldy     #$07
001D24r 1  B1 rr        	lda     (c_sp),y
001D26r 1  85 rr        	sta     ptr1+1
001D28r 1  88           	dey
001D29r 1  B1 rr        	lda     (c_sp),y
001D2Br 1  85 rr        	sta     ptr1
001D2Dr 1  B2 rr        	lda     (ptr1)
001D2Fr 1  A0 04        	ldy     #$04
001D31r 1  91 rr        	sta     (c_sp),y
001D33r 1  A0 06        	ldy     #$06
001D35r 1  A2 00        	ldx     #$00
001D37r 1  A9 01        	lda     #$01
001D39r 1  20 rr rr     	jsr     addeqysp
001D3Cr 1  A0 05        	ldy     #$05
001D3Er 1  B1 rr        	lda     (c_sp),y
001D40r 1  A2 00        	ldx     #$00
001D42r 1  29 1F        	and     #$1F
001D44r 1  20 rr rr     	jsr     aslax4
001D47r 1  20 rr rr     	jsr     aslax2
001D4Ar 1  85 rr        	sta     ptr1
001D4Cr 1  86 rr        	stx     ptr1+1
001D4Er 1  88           	dey
001D4Fr 1  B1 rr        	lda     (c_sp),y
001D51r 1  29 3F        	and     #$3F
001D53r 1  05 rr        	ora     ptr1
001D55r 1  A6 rr        	ldx     ptr1+1
001D57r 1  20 rr rr     	jsr     stax0sp
001D5Ar 1  4C rr rr     	jmp     L000C
001D5Dr 1  B1 rr        L0013:	lda     (c_sp),y
001D5Fr 1  C9 F0        	cmp     #$F0
001D61r 1  B0 68        	bcs     L0015
001D63r 1  A0 07        	ldy     #$07
001D65r 1  B1 rr        	lda     (c_sp),y
001D67r 1  85 rr        	sta     ptr1+1
001D69r 1  88           	dey
001D6Ar 1  B1 rr        	lda     (c_sp),y
001D6Cr 1  85 rr        	sta     ptr1
001D6Er 1  B2 rr        	lda     (ptr1)
001D70r 1  A0 04        	ldy     #$04
001D72r 1  91 rr        	sta     (c_sp),y
001D74r 1  A0 06        	ldy     #$06
001D76r 1  A2 00        	ldx     #$00
001D78r 1  A9 01        	lda     #$01
001D7Ar 1  20 rr rr     	jsr     addeqysp
001D7Dr 1  A0 07        	ldy     #$07
001D7Fr 1  B1 rr        	lda     (c_sp),y
001D81r 1  85 rr        	sta     ptr1+1
001D83r 1  88           	dey
001D84r 1  B1 rr        	lda     (c_sp),y
001D86r 1  85 rr        	sta     ptr1
001D88r 1  B2 rr        	lda     (ptr1)
001D8Ar 1  A0 03        	ldy     #$03
001D8Cr 1  91 rr        	sta     (c_sp),y
001D8Er 1  A0 06        	ldy     #$06
001D90r 1  A2 00        	ldx     #$00
001D92r 1  A9 01        	lda     #$01
001D94r 1  20 rr rr     	jsr     addeqysp
001D97r 1  A0 05        	ldy     #$05
001D99r 1  B1 rr        	lda     (c_sp),y
001D9Br 1  29 0F        	and     #$0F
001D9Dr 1  AA           	tax
001D9Er 1  A9 00        	lda     #$00
001DA0r 1  20 rr rr     	jsr     aslax4
001DA3r 1  85 rr        	sta     ptr1
001DA5r 1  86 rr        	stx     ptr1+1
001DA7r 1  88           	dey
001DA8r 1  B1 rr        	lda     (c_sp),y
001DAAr 1  A2 00        	ldx     #$00
001DACr 1  29 3F        	and     #$3F
001DAEr 1  20 rr rr     	jsr     aslax4
001DB1r 1  20 rr rr     	jsr     aslax2
001DB4r 1  05 rr        	ora     ptr1
001DB6r 1  85 rr        	sta     ptr1
001DB8r 1  8A           	txa
001DB9r 1  05 rr        	ora     ptr1+1
001DBBr 1  85 rr        	sta     ptr1+1
001DBDr 1  88           	dey
001DBEr 1  B1 rr        	lda     (c_sp),y
001DC0r 1  29 3F        	and     #$3F
001DC2r 1  05 rr        	ora     ptr1
001DC4r 1  A6 rr        	ldx     ptr1+1
001DC6r 1  20 rr rr     	jsr     stax0sp
001DC9r 1  80 5E        	bra     L000C
001DCBr 1  B1 rr        L0015:	lda     (c_sp),y
001DCDr 1  C9 F8        	cmp     #$F8
001DCFr 1  B0 4E        	bcs     L0016
001DD1r 1  A0 07        	ldy     #$07
001DD3r 1  B1 rr        	lda     (c_sp),y
001DD5r 1  85 rr        	sta     ptr1+1
001DD7r 1  88           	dey
001DD8r 1  B1 rr        	lda     (c_sp),y
001DDAr 1  85 rr        	sta     ptr1
001DDCr 1  B2 rr        	lda     (ptr1)
001DDEr 1  A0 04        	ldy     #$04
001DE0r 1  91 rr        	sta     (c_sp),y
001DE2r 1  A0 06        	ldy     #$06
001DE4r 1  A2 00        	ldx     #$00
001DE6r 1  A9 01        	lda     #$01
001DE8r 1  20 rr rr     	jsr     addeqysp
001DEBr 1  A0 07        	ldy     #$07
001DEDr 1  B1 rr        	lda     (c_sp),y
001DEFr 1  85 rr        	sta     ptr1+1
001DF1r 1  88           	dey
001DF2r 1  B1 rr        	lda     (c_sp),y
001DF4r 1  85 rr        	sta     ptr1
001DF6r 1  B2 rr        	lda     (ptr1)
001DF8r 1  A0 03        	ldy     #$03
001DFAr 1  91 rr        	sta     (c_sp),y
001DFCr 1  A0 06        	ldy     #$06
001DFEr 1  A2 00        	ldx     #$00
001E00r 1  A9 01        	lda     #$01
001E02r 1  20 rr rr     	jsr     addeqysp
001E05r 1  A0 07        	ldy     #$07
001E07r 1  B1 rr        	lda     (c_sp),y
001E09r 1  85 rr        	sta     ptr1+1
001E0Br 1  88           	dey
001E0Cr 1  B1 rr        	lda     (c_sp),y
001E0Er 1  85 rr        	sta     ptr1
001E10r 1  B2 rr        	lda     (ptr1)
001E12r 1  A0 02        	ldy     #$02
001E14r 1  91 rr        	sta     (c_sp),y
001E16r 1  A0 06        	ldy     #$06
001E18r 1  A2 00        	ldx     #$00
001E1Ar 1  A9 01        	lda     #$01
001E1Cr 1  20 rr rr     	jsr     addeqysp
001E1Fr 1  A9 7F        L0016:	lda     #$7F
001E21r 1  92 rr        	sta     (c_sp)
001E23r 1  A9 00        	lda     #$00
001E25r 1  A0 01        	ldy     #$01
001E27r 1  91 rr        	sta     (c_sp),y
001E29r 1  20 rr rr     L000C:	jsr     decsp2
001E2Cr 1  A0 0D        	ldy     #$0D
001E2Er 1  B1 rr        	lda     (c_sp),y
001E30r 1  A0 01        	ldy     #$01
001E32r 1  91 rr        	sta     (c_sp),y
001E34r 1  A0 0C        	ldy     #$0C
001E36r 1  B1 rr        	lda     (c_sp),y
001E38r 1  92 rr        	sta     (c_sp)
001E3Ar 1  A0 03        	ldy     #$03
001E3Cr 1  B1 rr        	lda     (c_sp),y
001E3Er 1  AA           	tax
001E3Fr 1  88           	dey
001E40r 1  B1 rr        	lda     (c_sp),y
001E42r 1  20 rr rr     	jsr     _putucs2
001E45r 1  A0 0B        	ldy     #$0B
001E47r 1  18           	clc
001E48r 1  71 rr        	adc     (c_sp),y
001E4Ar 1  91 rr        	sta     (c_sp),y
001E4Cr 1  C9 1D        	cmp     #$1D
001E4Er 1  90 10        	bcc     L000E
001E50r 1  A9 00        	lda     #$00
001E52r 1  91 rr        	sta     (c_sp),y
001E54r 1  88           	dey
001E55r 1  18           	clc
001E56r 1  A9 0C        	lda     #$0C
001E58r 1  71 rr        	adc     (c_sp),y
001E5Ar 1  91 rr        	sta     (c_sp),y
001E5Cr 1  C9 C1        	cmp     #$C1
001E5Er 1  B0 12        	bcs     L0003
001E60r 1  A0 07        L000E:	ldy     #$07
001E62r 1  B1 rr        	lda     (c_sp),y
001E64r 1  85 rr        	sta     ptr1+1
001E66r 1  88           	dey
001E67r 1  B1 rr        	lda     (c_sp),y
001E69r 1  85 rr        	sta     ptr1
001E6Br 1  B2 rr        	lda     (ptr1)
001E6Dr 1  F0 03 4C rr  	jne     L0002
001E71r 1  rr           
001E72r 1  A0 0C        L0003:	ldy     #$0C
001E74r 1  4C rr rr     	jmp     addysp
001E77r 1               
001E77r 1               .endproc
001E77r 1               
001E77r 1               ; ---------------------------------------------------------------
001E77r 1               ; void __near__ text_test (void)
001E77r 1               ; ---------------------------------------------------------------
001E77r 1               
001E77r 1               .segment	"CODE"
001E77r 1               
001E77r 1               .proc	_text_test: near
001E77r 1               
001E77r 1               .segment	"CODE"
001E77r 1               
001E77r 1  A9 00        	lda     #$00
001E79r 1  20 rr rr     	jsr     _cls
001E7Cr 1  20 rr rr     	jsr     decsp2
001E7Fr 1  A9 00        	lda     #$00
001E81r 1  A0 01        	ldy     #$01
001E83r 1  91 rr        	sta     (c_sp),y
001E85r 1  92 rr        	sta     (c_sp)
001E87r 1  A9 rr        	lda     #<(_ucs2_sample)
001E89r 1  A2 rr        	ldx     #>(_ucs2_sample)
001E8Br 1  20 rr rr     	jsr     _putucs2str
001E8Er 1  20 rr rr     	jsr     decsp2
001E91r 1  A9 00        	lda     #$00
001E93r 1  A0 01        	ldy     #$01
001E95r 1  91 rr        	sta     (c_sp),y
001E97r 1  A9 1E        	lda     #$1E
001E99r 1  92 rr        	sta     (c_sp)
001E9Br 1  A9 rr        	lda     #<(_ucs2_sample)
001E9Dr 1  A2 rr        	ldx     #>(_ucs2_sample)
001E9Fr 1  20 rr rr     	jsr     _putucs2str
001EA2r 1  20 rr rr     	jsr     decsp2
001EA5r 1  A9 00        	lda     #$00
001EA7r 1  A0 01        	ldy     #$01
001EA9r 1  91 rr        	sta     (c_sp),y
001EABr 1  A9 3C        	lda     #$3C
001EADr 1  92 rr        	sta     (c_sp)
001EAFr 1  AD rr rr     	lda     _utf8_sample
001EB2r 1  AE rr rr     	ldx     _utf8_sample+1
001EB5r 1  20 rr rr     	jsr     _pututf8str
001EB8r 1  20 rr rr     	jsr     decsp2
001EBBr 1  A9 00        	lda     #$00
001EBDr 1  A0 01        	ldy     #$01
001EBFr 1  91 rr        	sta     (c_sp),y
001EC1r 1  A9 5A        	lda     #$5A
001EC3r 1  92 rr        	sta     (c_sp)
001EC5r 1  AD rr rr     	lda     _utf8_sample
001EC8r 1  AE rr rr     	ldx     _utf8_sample+1
001ECBr 1  20 rr rr     	jsr     _pututf8str
001ECEr 1  20 rr rr     	jsr     _cgetc
001ED1r 1  A9 0F        	lda     #$0F
001ED3r 1  20 rr rr     	jsr     _cls
001ED6r 1  20 rr rr     	jsr     decsp2
001ED9r 1  A9 00        	lda     #$00
001EDBr 1  A0 01        	ldy     #$01
001EDDr 1  91 rr        	sta     (c_sp),y
001EDFr 1  92 rr        	sta     (c_sp)
001EE1r 1  A9 rr        	lda     #<(_ucs2_sample)
001EE3r 1  A2 rr        	ldx     #>(_ucs2_sample)
001EE5r 1  20 rr rr     	jsr     _putucs2str
001EE8r 1  20 rr rr     	jsr     decsp2
001EEBr 1  A9 00        	lda     #$00
001EEDr 1  A0 01        	ldy     #$01
001EEFr 1  91 rr        	sta     (c_sp),y
001EF1r 1  A9 1E        	lda     #$1E
001EF3r 1  92 rr        	sta     (c_sp)
001EF5r 1  A9 rr        	lda     #<(_ucs2_sample)
001EF7r 1  A2 rr        	ldx     #>(_ucs2_sample)
001EF9r 1  20 rr rr     	jsr     _putucs2str
001EFCr 1  20 rr rr     	jsr     decsp2
001EFFr 1  A9 00        	lda     #$00
001F01r 1  A0 01        	ldy     #$01
001F03r 1  91 rr        	sta     (c_sp),y
001F05r 1  A9 3C        	lda     #$3C
001F07r 1  92 rr        	sta     (c_sp)
001F09r 1  AD rr rr     	lda     _utf8_sample
001F0Cr 1  AE rr rr     	ldx     _utf8_sample+1
001F0Fr 1  20 rr rr     	jsr     _pututf8str
001F12r 1  20 rr rr     	jsr     decsp2
001F15r 1  A9 00        	lda     #$00
001F17r 1  A0 01        	ldy     #$01
001F19r 1  91 rr        	sta     (c_sp),y
001F1Br 1  A9 5A        	lda     #$5A
001F1Dr 1  92 rr        	sta     (c_sp)
001F1Fr 1  AD rr rr     	lda     _utf8_sample
001F22r 1  AE rr rr     	ldx     _utf8_sample+1
001F25r 1  4C rr rr     	jmp     _pututf8str
001F28r 1               
001F28r 1               .endproc
001F28r 1               
001F28r 1               ; ---------------------------------------------------------------
001F28r 1               ; void __near__ main (void)
001F28r 1               ; ---------------------------------------------------------------
001F28r 1               
001F28r 1               .segment	"CODE"
001F28r 1               
001F28r 1               .proc	_main: near
001F28r 1               
001F28r 1               .segment	"CODE"
001F28r 1               
001F28r 1  20 rr rr     	jsr     decsp1
001F2Br 1  20 rr rr     L0002:	jsr     _clrscr
001F2Er 1  20 rr rr     	jsr     decsp2
001F31r 1  A9 00        	lda     #$00
001F33r 1  A0 01        	ldy     #$01
001F35r 1  91 rr        	sta     (c_sp),y
001F37r 1  92 rr        	sta     (c_sp)
001F39r 1  A9 rr        	lda     #<(S0082)
001F3Br 1  A2 rr        	ldx     #>(S0082)
001F3Dr 1  20 rr rr     	jsr     _cputsxy
001F40r 1  20 rr rr     	jsr     decsp2
001F43r 1  A9 00        	lda     #$00
001F45r 1  A0 01        	ldy     #$01
001F47r 1  91 rr        	sta     (c_sp),y
001F49r 1  98           	tya
001F4Ar 1  92 rr        	sta     (c_sp)
001F4Cr 1  A9 rr        	lda     #<(S0083)
001F4Er 1  A2 rr        	ldx     #>(S0083)
001F50r 1  20 rr rr     	jsr     _cputsxy
001F53r 1  20 rr rr     	jsr     decsp2
001F56r 1  A9 00        	lda     #$00
001F58r 1  A0 01        	ldy     #$01
001F5Ar 1  91 rr        	sta     (c_sp),y
001F5Cr 1  A9 02        	lda     #$02
001F5Er 1  92 rr        	sta     (c_sp)
001F60r 1  A9 rr        	lda     #<(S0084)
001F62r 1  A2 rr        	ldx     #>(S0084)
001F64r 1  20 rr rr     	jsr     _cputsxy
001F67r 1  20 rr rr     	jsr     decsp2
001F6Ar 1  A9 00        	lda     #$00
001F6Cr 1  A0 01        	ldy     #$01
001F6Er 1  91 rr        	sta     (c_sp),y
001F70r 1  A9 03        	lda     #$03
001F72r 1  92 rr        	sta     (c_sp)
001F74r 1  A9 rr        	lda     #<(S0085)
001F76r 1  A2 rr        	ldx     #>(S0085)
001F78r 1  20 rr rr     	jsr     _cputsxy
001F7Br 1  20 rr rr     	jsr     decsp2
001F7Er 1  A9 00        	lda     #$00
001F80r 1  A0 01        	ldy     #$01
001F82r 1  91 rr        	sta     (c_sp),y
001F84r 1  A9 04        	lda     #$04
001F86r 1  92 rr        	sta     (c_sp)
001F88r 1  A9 rr        	lda     #<(S0086)
001F8Ar 1  A2 rr        	ldx     #>(S0086)
001F8Cr 1  20 rr rr     	jsr     _cputsxy
001F8Fr 1  20 rr rr     	jsr     decsp2
001F92r 1  A9 00        	lda     #$00
001F94r 1  A0 01        	ldy     #$01
001F96r 1  91 rr        	sta     (c_sp),y
001F98r 1  A9 05        	lda     #$05
001F9Ar 1  92 rr        	sta     (c_sp)
001F9Cr 1  A9 rr        	lda     #<(S0087)
001F9Er 1  A2 rr        	ldx     #>(S0087)
001FA0r 1  20 rr rr     	jsr     _cputsxy
001FA3r 1  20 rr rr     	jsr     decsp2
001FA6r 1  A9 00        	lda     #$00
001FA8r 1  A0 01        	ldy     #$01
001FAAr 1  91 rr        	sta     (c_sp),y
001FACr 1  A9 06        	lda     #$06
001FAEr 1  92 rr        	sta     (c_sp)
001FB0r 1  A9 rr        	lda     #<(S0088)
001FB2r 1  A2 rr        	ldx     #>(S0088)
001FB4r 1  20 rr rr     	jsr     _cputsxy
001FB7r 1  20 rr rr     	jsr     decsp2
001FBAr 1  A9 00        	lda     #$00
001FBCr 1  A0 01        	ldy     #$01
001FBEr 1  91 rr        	sta     (c_sp),y
001FC0r 1  A9 07        	lda     #$07
001FC2r 1  92 rr        	sta     (c_sp)
001FC4r 1  A9 rr        	lda     #<(S0089)
001FC6r 1  A2 rr        	ldx     #>(S0089)
001FC8r 1  20 rr rr     	jsr     _cputsxy
001FCBr 1  20 rr rr     	jsr     decsp2
001FCEr 1  A9 00        	lda     #$00
001FD0r 1  A0 01        	ldy     #$01
001FD2r 1  91 rr        	sta     (c_sp),y
001FD4r 1  A9 08        	lda     #$08
001FD6r 1  92 rr        	sta     (c_sp)
001FD8r 1  A9 rr        	lda     #<(S008A)
001FDAr 1  A2 rr        	ldx     #>(S008A)
001FDCr 1  20 rr rr     	jsr     _cputsxy
001FDFr 1  20 rr rr     	jsr     decsp2
001FE2r 1  A9 00        	lda     #$00
001FE4r 1  A0 01        	ldy     #$01
001FE6r 1  91 rr        	sta     (c_sp),y
001FE8r 1  A9 09        	lda     #$09
001FEAr 1  92 rr        	sta     (c_sp)
001FECr 1  A9 rr        	lda     #<(S008B)
001FEEr 1  A2 rr        	ldx     #>(S008B)
001FF0r 1  20 rr rr     	jsr     _cputsxy
001FF3r 1  20 rr rr     	jsr     _cgetc
001FF6r 1  92 rr        	sta     (c_sp)
001FF8r 1  C9 71        	cmp     #$71
001FFAr 1  F0 06        	beq     L0012
001FFCr 1  B2 rr        	lda     (c_sp)
001FFEr 1  C9 51        	cmp     #$51
002000r 1  D0 03        	bne     L0005
002002r 1  4C rr rr     L0012:	jmp     _dhgr_exit
002005r 1  20 rr rr     L0005:	jsr     _dhgr_init
002008r 1  B2 rr        	lda     (c_sp)
00200Ar 1  C9 31        	cmp     #$31
00200Cr 1  F0 2B        	beq     L000A
00200Er 1  C9 32        	cmp     #$32
002010r 1  F0 41        	beq     L000B
002012r 1  C9 33        	cmp     #$33
002014r 1  F0 57        	beq     L000C
002016r 1  C9 34        	cmp     #$34
002018r 1  F0 6C        	beq     L000D
00201Ar 1  C9 35        	cmp     #$35
00201Cr 1  D0 03 4C rr  	jeq     L000E
002020r 1  rr           
002021r 1  C9 36        	cmp     #$36
002023r 1  D0 03 4C rr  	jeq     L000F
002027r 1  rr           
002028r 1  C9 37        	cmp     #$37
00202Ar 1  D0 03 4C rr  	jeq     L0010
00202Er 1  rr           
00202Fr 1  C9 38        	cmp     #$38
002031r 1  D0 03 4C rr  	jeq     L0011
002035r 1  rr           
002036r 1  4C rr rr     	jmp     L0009
002039r 1  20 rr rr     L000A:	jsr     decsp2
00203Cr 1  A9 00        	lda     #$00
00203Er 1  A0 01        	ldy     #$01
002040r 1  91 rr        	sta     (c_sp),y
002042r 1  A9 14        	lda     #$14
002044r 1  92 rr        	sta     (c_sp)
002046r 1  A9 rr        	lda     #<(S008C)
002048r 1  A2 rr        	ldx     #>(S008C)
00204Ar 1  20 rr rr     	jsr     _cputsxy
00204Dr 1  20 rr rr     	jsr     _cls_test
002050r 1  4C rr rr     	jmp     L0009
002053r 1  20 rr rr     L000B:	jsr     decsp2
002056r 1  A9 00        	lda     #$00
002058r 1  A0 01        	ldy     #$01
00205Ar 1  91 rr        	sta     (c_sp),y
00205Cr 1  A9 14        	lda     #$14
00205Er 1  92 rr        	sta     (c_sp)
002060r 1  A9 rr        	lda     #<(S008D)
002062r 1  A2 rr        	ldx     #>(S008D)
002064r 1  20 rr rr     	jsr     _cputsxy
002067r 1  20 rr rr     	jsr     _plot_test
00206Ar 1  4C rr rr     	jmp     L0009
00206Dr 1  20 rr rr     L000C:	jsr     decsp2
002070r 1  A9 00        	lda     #$00
002072r 1  A0 01        	ldy     #$01
002074r 1  91 rr        	sta     (c_sp),y
002076r 1  A9 14        	lda     #$14
002078r 1  92 rr        	sta     (c_sp)
00207Ar 1  A9 rr        	lda     #<(S008E)
00207Cr 1  A2 rr        	ldx     #>(S008E)
00207Er 1  20 rr rr     	jsr     _cputsxy
002081r 1  20 rr rr     	jsr     _hline_test
002084r 1  80 7B        	bra     L0009
002086r 1  20 rr rr     L000D:	jsr     decsp2
002089r 1  A9 00        	lda     #$00
00208Br 1  A0 01        	ldy     #$01
00208Dr 1  91 rr        	sta     (c_sp),y
00208Fr 1  A9 14        	lda     #$14
002091r 1  92 rr        	sta     (c_sp)
002093r 1  A9 rr        	lda     #<(S008F)
002095r 1  A2 rr        	ldx     #>(S008F)
002097r 1  20 rr rr     	jsr     _cputsxy
00209Ar 1  20 rr rr     	jsr     _vline_test
00209Dr 1  80 62        	bra     L0009
00209Fr 1  20 rr rr     L000E:	jsr     decsp2
0020A2r 1  A9 00        	lda     #$00
0020A4r 1  A0 01        	ldy     #$01
0020A6r 1  91 rr        	sta     (c_sp),y
0020A8r 1  A9 14        	lda     #$14
0020AAr 1  92 rr        	sta     (c_sp)
0020ACr 1  A9 rr        	lda     #<(S0090)
0020AEr 1  A2 rr        	ldx     #>(S0090)
0020B0r 1  20 rr rr     	jsr     _cputsxy
0020B3r 1  20 rr rr     	jsr     _rect_test
0020B6r 1  80 49        	bra     L0009
0020B8r 1  20 rr rr     L000F:	jsr     decsp2
0020BBr 1  A9 00        	lda     #$00
0020BDr 1  A0 01        	ldy     #$01
0020BFr 1  91 rr        	sta     (c_sp),y
0020C1r 1  A9 14        	lda     #$14
0020C3r 1  92 rr        	sta     (c_sp)
0020C5r 1  A9 rr        	lda     #<(S0091)
0020C7r 1  A2 rr        	ldx     #>(S0091)
0020C9r 1  20 rr rr     	jsr     _cputsxy
0020CCr 1  20 rr rr     	jsr     _fillrect_test
0020CFr 1  80 30        	bra     L0009
0020D1r 1  20 rr rr     L0010:	jsr     decsp2
0020D4r 1  A9 00        	lda     #$00
0020D6r 1  A0 01        	ldy     #$01
0020D8r 1  91 rr        	sta     (c_sp),y
0020DAr 1  A9 14        	lda     #$14
0020DCr 1  92 rr        	sta     (c_sp)
0020DEr 1  A9 rr        	lda     #<(S0092)
0020E0r 1  A2 rr        	ldx     #>(S0092)
0020E2r 1  20 rr rr     	jsr     _cputsxy
0020E5r 1  20 rr rr     	jsr     _image_test
0020E8r 1  80 17        	bra     L0009
0020EAr 1  20 rr rr     L0011:	jsr     decsp2
0020EDr 1  A9 00        	lda     #$00
0020EFr 1  A0 01        	ldy     #$01
0020F1r 1  91 rr        	sta     (c_sp),y
0020F3r 1  A9 14        	lda     #$14
0020F5r 1  92 rr        	sta     (c_sp)
0020F7r 1  A9 rr        	lda     #<(S0093)
0020F9r 1  A2 rr        	ldx     #>(S0093)
0020FBr 1  20 rr rr     	jsr     _cputsxy
0020FEr 1  20 rr rr     	jsr     _text_test
002101r 1  20 rr rr     L0009:	jsr     decsp2
002104r 1  A9 00        	lda     #$00
002106r 1  A0 01        	ldy     #$01
002108r 1  91 rr        	sta     (c_sp),y
00210Ar 1  A9 14        	lda     #$14
00210Cr 1  92 rr        	sta     (c_sp)
00210Er 1  A9 rr        	lda     #<(S0094)
002110r 1  A2 rr        	ldx     #>(S0094)
002112r 1  20 rr rr     	jsr     _cputsxy
002115r 1  20 rr rr     	jsr     _cgetc
002118r 1  20 rr rr     	jsr     _dhgr_exit
00211Br 1  4C rr rr     	jmp     L0002
00211Er 1               
00211Er 1               .endproc
00211Er 1               
00211Er 1               
